"20616658-NGRAMS1.txt","20616658-NGRAMS1.txt"
"20616659-NGRAMS1.txt","20616659-NGRAMS1.txt"
"20616660-NGRAMS1.txt","20616660-NGRAMS1.txt"
"20616661-NGRAMS1.txt","20616661-NGRAMS1.txt"
"20616662-NGRAMS1.txt","20616662-NGRAMS1.txt"
"20616663-NGRAMS1.txt","20616663-NGRAMS1.txt"
"20616664-NGRAMS1.txt","20616664-NGRAMS1.txt"
"20616665-NGRAMS1.txt","20616665-NGRAMS1.txt"
"20616666-NGRAMS1.txt","20616666-NGRAMS1.txt"
"20616667-NGRAMS1.txt","20616667-NGRAMS1.txt"
"20616668-NGRAMS1.txt","20616668-NGRAMS1.txt"
"20616669-NGRAMS1.txt","20616669-NGRAMS1.txt"
"20616670-NGRAMS1.txt","20616670-NGRAMS1.txt"
"20616671-NGRAMS1.txt","20616671-NGRAMS1.txt"
"20616672-NGRAMS1.txt","20616672-NGRAMS1.txt"
"20616673-NGRAMS1.txt","20616673-NGRAMS1.txt"
"20616674-NGRAMS1.txt","20616674-NGRAMS1.txt"
"20616675-NGRAMS1.txt","20616675-NGRAMS1.txt"
"20616676-NGRAMS1.txt","20616676-NGRAMS1.txt"
"20616677-NGRAMS1.txt","20616677-NGRAMS1.txt"
"20616678-NGRAMS1.txt","20616678-NGRAMS1.txt"
"20616679-NGRAMS1.txt","20616679-NGRAMS1.txt"
"20616680-NGRAMS1.txt","20616680-NGRAMS1.txt"
"20616681-NGRAMS1.txt","20616681-NGRAMS1.txt"
"20616682-NGRAMS1.txt","20616682-NGRAMS1.txt"
"20616683-NGRAMS1.txt","20616683-NGRAMS1.txt"
"20616684-NGRAMS1.txt","20616684-NGRAMS1.txt"
"20616689-NGRAMS1.txt","20616689-NGRAMS1.txt"
"20616690-NGRAMS1.txt","20616690-NGRAMS1.txt"
"20616691-NGRAMS1.txt","20616691-NGRAMS1.txt"
"20616692-NGRAMS1.txt","20616692-NGRAMS1.txt"
"20616693-NGRAMS1.txt","20616693-NGRAMS1.txt"
"20616694-NGRAMS1.txt","20616694-NGRAMS1.txt"
"20616695-NGRAMS1.txt","20616695-NGRAMS1.txt"
"20616696-NGRAMS1.txt","20616696-NGRAMS1.txt"
"20616697-NGRAMS1.txt","20616697-NGRAMS1.txt"
"20616698-NGRAMS1.txt","20616698-NGRAMS1.txt"
"20616699-NGRAMS1.txt","20616699-NGRAMS1.txt"
"20616700-NGRAMS1.txt","20616700-NGRAMS1.txt"
"20616701-NGRAMS1.txt","20616701-NGRAMS1.txt"
"20616702-NGRAMS1.txt","20616702-NGRAMS1.txt"
"20616703-NGRAMS1.txt","20616703-NGRAMS1.txt"
"20616704-NGRAMS1.txt","20616704-NGRAMS1.txt"
"20616705-NGRAMS1.txt","20616705-NGRAMS1.txt"
"20616706-NGRAMS1.txt","20616706-NGRAMS1.txt"
"20616707-NGRAMS1.txt","20616707-NGRAMS1.txt"
"20616708-NGRAMS1.txt","20616708-NGRAMS1.txt"
"20616709-NGRAMS1.txt","20616709-NGRAMS1.txt"
"20616710-NGRAMS1.txt","20616710-NGRAMS1.txt"
"20616711-NGRAMS1.txt","20616711-NGRAMS1.txt"
"20616712-NGRAMS1.txt","20616712-NGRAMS1.txt"
"20616713-NGRAMS1.txt","20616713-NGRAMS1.txt"
"20616714-NGRAMS1.txt","20616714-NGRAMS1.txt"
"20616715-NGRAMS1.txt","20616715-NGRAMS1.txt"
"20616716-NGRAMS1.txt","20616716-NGRAMS1.txt"
"20616717-NGRAMS1.txt","20616717-NGRAMS1.txt"
"20616718-NGRAMS1.txt","20616718-NGRAMS1.txt"
"20616719-NGRAMS1.txt","20616719-NGRAMS1.txt"
"20616720-NGRAMS1.txt","20616720-NGRAMS1.txt"
"20616721-NGRAMS1.txt","20616721-NGRAMS1.txt"
"20616722-NGRAMS1.txt","20616722-NGRAMS1.txt"
"27564082-NGRAMS1.txt","27564082-NGRAMS1.txt"
"27564083-NGRAMS1.txt","27564083-NGRAMS1.txt"
"27564084-NGRAMS1.txt","27564084-NGRAMS1.txt"
"27564085-NGRAMS1.txt","27564085-NGRAMS1.txt"
"27564086-NGRAMS1.txt","27564086-NGRAMS1.txt"
"27564087-NGRAMS1.txt","27564087-NGRAMS1.txt"
"27564088-NGRAMS1.txt","27564088-NGRAMS1.txt"
"27564089-NGRAMS1.txt","27564089-NGRAMS1.txt"
"27564090-NGRAMS1.txt","27564090-NGRAMS1.txt"
"27564091-NGRAMS1.txt","27564091-NGRAMS1.txt"
"27564092-NGRAMS1.txt","27564092-NGRAMS1.txt"
"27564093-NGRAMS1.txt","27564093-NGRAMS1.txt"
"27564094-NGRAMS1.txt","27564094-NGRAMS1.txt"
"27564095-NGRAMS1.txt","27564095-NGRAMS1.txt"
"27564096-NGRAMS1.txt","27564096-NGRAMS1.txt"
"27564097-NGRAMS1.txt","27564097-NGRAMS1.txt"
"27564098-NGRAMS1.txt","27564098-NGRAMS1.txt"
"27564099-NGRAMS1.txt","27564099-NGRAMS1.txt"
"27564100-NGRAMS1.txt","27564100-NGRAMS1.txt"
"27564101-NGRAMS1.txt","27564101-NGRAMS1.txt"
"27564102-NGRAMS1.txt","27564102-NGRAMS1.txt"
"27564103-NGRAMS1.txt","27564103-NGRAMS1.txt"
"27564104-NGRAMS1.txt","27564104-NGRAMS1.txt"
"27564105-NGRAMS1.txt","27564105-NGRAMS1.txt"
"27564106-NGRAMS1.txt","27564106-NGRAMS1.txt"
"27564107-NGRAMS1.txt","27564107-NGRAMS1.txt"
"27564108-NGRAMS1.txt","27564108-NGRAMS1.txt"
"27564109-NGRAMS1.txt","27564109-NGRAMS1.txt"
"27564110-NGRAMS1.txt","27564110-NGRAMS1.txt"
"27564111-NGRAMS1.txt","27564111-NGRAMS1.txt"
"27564112-NGRAMS1.txt","27564112-NGRAMS1.txt"
"27564113-NGRAMS1.txt","27564113-NGRAMS1.txt"
"27564114-NGRAMS1.txt","27564114-NGRAMS1.txt"
"27564115-NGRAMS1.txt","27564115-NGRAMS1.txt"
"27564119-NGRAMS1.txt","27564119-NGRAMS1.txt"
"27564120-NGRAMS1.txt","27564120-NGRAMS1.txt"
"27564121-NGRAMS1.txt","27564121-NGRAMS1.txt"
"27564122-NGRAMS1.txt","27564122-NGRAMS1.txt"
"27564123-NGRAMS1.txt","27564123-NGRAMS1.txt"
"27564124-NGRAMS1.txt","27564124-NGRAMS1.txt"
"27564125-NGRAMS1.txt","27564125-NGRAMS1.txt"
"27564126-NGRAMS1.txt","27564126-NGRAMS1.txt"
"27564127-NGRAMS1.txt","27564127-NGRAMS1.txt"
"27564128-NGRAMS1.txt","27564128-NGRAMS1.txt"
"27564129-NGRAMS1.txt","27564129-NGRAMS1.txt"
"27564130-NGRAMS1.txt","27564130-NGRAMS1.txt"
"27564131-NGRAMS1.txt","27564131-NGRAMS1.txt"
"27564132-NGRAMS1.txt","27564132-NGRAMS1.txt"
"27564133-NGRAMS1.txt","27564133-NGRAMS1.txt"
"27564134-NGRAMS1.txt","27564134-NGRAMS1.txt"
"27564135-NGRAMS1.txt","27564135-NGRAMS1.txt"
"27564136-NGRAMS1.txt","27564136-NGRAMS1.txt"
"27564137-NGRAMS1.txt","27564137-NGRAMS1.txt"
"27564138-NGRAMS1.txt","27564138-NGRAMS1.txt"
"27564139-NGRAMS1.txt","27564139-NGRAMS1.txt"
"27564140-NGRAMS1.txt","27564140-NGRAMS1.txt"
"27564141-NGRAMS1.txt","27564141-NGRAMS1.txt"
"27564142-NGRAMS1.txt","27564142-NGRAMS1.txt"
"27564143-NGRAMS1.txt","27564143-NGRAMS1.txt"
"27564144-NGRAMS1.txt","27564144-NGRAMS1.txt"
"27564146-NGRAMS1.txt","27564146-NGRAMS1.txt"
"27564147-NGRAMS1.txt","27564147-NGRAMS1.txt"
"27564148-NGRAMS1.txt","27564148-NGRAMS1.txt"
"27564149-NGRAMS1.txt","27564149-NGRAMS1.txt"
"27564150-NGRAMS1.txt","27564150-NGRAMS1.txt"
"27564151-NGRAMS1.txt","27564151-NGRAMS1.txt"
"27564152-NGRAMS1.txt","27564152-NGRAMS1.txt"
"27564153-NGRAMS1.txt","27564153-NGRAMS1.txt"
"27564154-NGRAMS1.txt","27564154-NGRAMS1.txt"
"27564155-NGRAMS1.txt","27564155-NGRAMS1.txt"
"27564156-NGRAMS1.txt","27564156-NGRAMS1.txt"
"27564157-NGRAMS1.txt","27564157-NGRAMS1.txt"
"27564158-NGRAMS1.txt","27564158-NGRAMS1.txt"
"27564159-NGRAMS1.txt","27564159-NGRAMS1.txt"
"27564160-NGRAMS1.txt","27564160-NGRAMS1.txt"
"27564161-NGRAMS1.txt","27564161-NGRAMS1.txt"
"27564162-NGRAMS1.txt","27564162-NGRAMS1.txt"
"27564163-NGRAMS1.txt","27564163-NGRAMS1.txt"
"27564164-NGRAMS1.txt","27564164-NGRAMS1.txt"
"27564165-NGRAMS1.txt","27564165-NGRAMS1.txt"
"27564166-NGRAMS1.txt","27564166-NGRAMS1.txt"
"27564167-NGRAMS1.txt","27564167-NGRAMS1.txt"
"27564168-NGRAMS1.txt","27564168-NGRAMS1.txt"
"27564173-NGRAMS1.txt","27564173-NGRAMS1.txt"
"27564174-NGRAMS1.txt","27564174-NGRAMS1.txt"
"27564175-NGRAMS1.txt","27564175-NGRAMS1.txt"
"27564176-NGRAMS1.txt","27564176-NGRAMS1.txt"
"27564177-NGRAMS1.txt","27564177-NGRAMS1.txt"
"27564178-NGRAMS1.txt","27564178-NGRAMS1.txt"
"27564179-NGRAMS1.txt","27564179-NGRAMS1.txt"
"27564180-NGRAMS1.txt","27564180-NGRAMS1.txt"
"27564181-NGRAMS1.txt","27564181-NGRAMS1.txt"
"27564182-NGRAMS1.txt","27564182-NGRAMS1.txt"
"27564183-NGRAMS1.txt","27564183-NGRAMS1.txt"
"27564184-NGRAMS1.txt","27564184-NGRAMS1.txt"
"27564185-NGRAMS1.txt","27564185-NGRAMS1.txt"
"27564186-NGRAMS1.txt","27564186-NGRAMS1.txt"
"27564187-NGRAMS1.txt","27564187-NGRAMS1.txt"
"27564188-NGRAMS1.txt","27564188-NGRAMS1.txt"
"27564189-NGRAMS1.txt","27564189-NGRAMS1.txt"
"27564190-NGRAMS1.txt","27564190-NGRAMS1.txt"
"27564191-NGRAMS1.txt","27564191-NGRAMS1.txt"
"27564192-NGRAMS1.txt","27564192-NGRAMS1.txt"
"27564193-NGRAMS1.txt","27564193-NGRAMS1.txt"
"27564194-NGRAMS1.txt","27564194-NGRAMS1.txt"
"27564195-NGRAMS1.txt","27564195-NGRAMS1.txt"
"27564196-NGRAMS1.txt","27564196-NGRAMS1.txt"
"27564197-NGRAMS1.txt","27564197-NGRAMS1.txt"
"27564198-NGRAMS1.txt","27564198-NGRAMS1.txt"
"27564199-NGRAMS1.txt","27564199-NGRAMS1.txt"
"27564200-NGRAMS1.txt","27564200-NGRAMS1.txt"
"27564201-NGRAMS1.txt","27564201-NGRAMS1.txt"
"27564202-NGRAMS1.txt","27564202-NGRAMS1.txt"
"27564203-NGRAMS1.txt","27564203-NGRAMS1.txt"
"27564204-NGRAMS1.txt","27564204-NGRAMS1.txt"
"27564205-NGRAMS1.txt","27564205-NGRAMS1.txt"
"27564206-NGRAMS1.txt","27564206-NGRAMS1.txt"
"27564207-NGRAMS1.txt","27564207-NGRAMS1.txt"
"40984735-NGRAMS1.txt","40984735-NGRAMS1.txt"
"40984736-NGRAMS1.txt","40984736-NGRAMS1.txt"
"40984747-NGRAMS1.txt","40984747-NGRAMS1.txt"
"40984753-NGRAMS1.txt","40984753-NGRAMS1.txt"
"40984763-NGRAMS1.txt","40984763-NGRAMS1.txt"
"40984765-NGRAMS1.txt","40984765-NGRAMS1.txt"
"40984814-NGRAMS1.txt","40984814-NGRAMS1.txt"
"40984816-NGRAMS1.txt","40984816-NGRAMS1.txt"
"40984819-NGRAMS1.txt","40984819-NGRAMS1.txt"
"40984824-NGRAMS1.txt","40984824-NGRAMS1.txt"
"40984825-NGRAMS1.txt","40984825-NGRAMS1.txt"
"40984826-NGRAMS1.txt","40984826-NGRAMS1.txt"
"40984827-NGRAMS1.txt","40984827-NGRAMS1.txt"
"40984828-NGRAMS1.txt","40984828-NGRAMS1.txt"
"40984830-NGRAMS1.txt","40984830-NGRAMS1.txt"
"40984831-NGRAMS1.txt","40984831-NGRAMS1.txt"
"40984832-NGRAMS1.txt","40984832-NGRAMS1.txt"
"40984833-NGRAMS1.txt","40984833-NGRAMS1.txt"
"40984834-NGRAMS1.txt","40984834-NGRAMS1.txt"
"40984835-NGRAMS1.txt","40984835-NGRAMS1.txt"
"40984836-NGRAMS1.txt","40984836-NGRAMS1.txt"
"40984838-NGRAMS1.txt","40984838-NGRAMS1.txt"
"40984839-NGRAMS1.txt","40984839-NGRAMS1.txt"
"40984840-NGRAMS1.txt","40984840-NGRAMS1.txt"
"40984841-NGRAMS1.txt","40984841-NGRAMS1.txt"
"40984842-NGRAMS1.txt","40984842-NGRAMS1.txt"
"40984843-NGRAMS1.txt","40984843-NGRAMS1.txt"
"40984844-NGRAMS1.txt","40984844-NGRAMS1.txt"
"4493383-NGRAMS1.txt","4493383-NGRAMS1.txt"
"4493384-NGRAMS1.txt","4493384-NGRAMS1.txt"
"4493385-NGRAMS1.txt","4493385-NGRAMS1.txt"
"4493386-NGRAMS1.txt","4493386-NGRAMS1.txt"
"4493387-NGRAMS1.txt","4493387-NGRAMS1.txt"
"4493388-NGRAMS1.txt","4493388-NGRAMS1.txt"
"4493389-NGRAMS1.txt","4493389-NGRAMS1.txt"
"4493390-NGRAMS1.txt","4493390-NGRAMS1.txt"
"4493391-NGRAMS1.txt","4493391-NGRAMS1.txt"
"4493392-NGRAMS1.txt","4493392-NGRAMS1.txt"
"4493393-NGRAMS1.txt","4493393-NGRAMS1.txt"
"4493394-NGRAMS1.txt","4493394-NGRAMS1.txt"
"4493395-NGRAMS1.txt","4493395-NGRAMS1.txt"
"4493396-NGRAMS1.txt","4493396-NGRAMS1.txt"
"4493397-NGRAMS1.txt","4493397-NGRAMS1.txt"
"4493398-NGRAMS1.txt","4493398-NGRAMS1.txt"
"4493399-NGRAMS1.txt","4493399-NGRAMS1.txt"
"4493400-NGRAMS1.txt","4493400-NGRAMS1.txt"
"4493401-NGRAMS1.txt","4493401-NGRAMS1.txt"
"4493402-NGRAMS1.txt","4493402-NGRAMS1.txt"
"4493403-NGRAMS1.txt","4493403-NGRAMS1.txt"
"4493404-NGRAMS1.txt","4493404-NGRAMS1.txt"
"4493405-NGRAMS1.txt","4493405-NGRAMS1.txt"
"4493406-NGRAMS1.txt","4493406-NGRAMS1.txt"
"4493407-NGRAMS1.txt","4493407-NGRAMS1.txt"
"4493408-NGRAMS1.txt","4493408-NGRAMS1.txt"
"4493409-NGRAMS1.txt","4493409-NGRAMS1.txt"
"4493410-NGRAMS1.txt","4493410-NGRAMS1.txt"
"4493411-NGRAMS1.txt","4493411-NGRAMS1.txt"
"4493412-NGRAMS1.txt","4493412-NGRAMS1.txt"
"4493413-NGRAMS1.txt","4493413-NGRAMS1.txt"
"4493414-NGRAMS1.txt","4493414-NGRAMS1.txt"
"4493415-NGRAMS1.txt","4493415-NGRAMS1.txt"
"4493416-NGRAMS1.txt","4493416-NGRAMS1.txt"
"4493417-NGRAMS1.txt","4493417-NGRAMS1.txt"
"4493421-NGRAMS1.txt","4493421-NGRAMS1.txt"
"4493422-NGRAMS1.txt","4493422-NGRAMS1.txt"
"4493423-NGRAMS1.txt","4493423-NGRAMS1.txt"
"4493424-NGRAMS1.txt","4493424-NGRAMS1.txt"
"4493425-NGRAMS1.txt","4493425-NGRAMS1.txt"
"4493426-NGRAMS1.txt","4493426-NGRAMS1.txt"
"4493427-NGRAMS1.txt","4493427-NGRAMS1.txt"
"4493428-NGRAMS1.txt","4493428-NGRAMS1.txt"
"4493429-NGRAMS1.txt","4493429-NGRAMS1.txt"
"4493433-NGRAMS1.txt","4493433-NGRAMS1.txt"
"4493434-NGRAMS1.txt","4493434-NGRAMS1.txt"
"4493437-NGRAMS1.txt","4493437-NGRAMS1.txt"
"4493438-NGRAMS1.txt","4493438-NGRAMS1.txt"
"4493441-NGRAMS1.txt","4493441-NGRAMS1.txt"
"4493443-NGRAMS1.txt","4493443-NGRAMS1.txt"
"4493444-NGRAMS1.txt","4493444-NGRAMS1.txt"
"4493445-NGRAMS1.txt","4493445-NGRAMS1.txt"
"4493446-NGRAMS1.txt","4493446-NGRAMS1.txt"
"4493447-NGRAMS1.txt","4493447-NGRAMS1.txt"
"4493448-NGRAMS1.txt","4493448-NGRAMS1.txt"
"4493449-NGRAMS1.txt","4493449-NGRAMS1.txt"
"4493450-NGRAMS1.txt","4493450-NGRAMS1.txt"
"4493451-NGRAMS1.txt","4493451-NGRAMS1.txt"
"4493453-NGRAMS1.txt","4493453-NGRAMS1.txt"
"4493454-NGRAMS1.txt","4493454-NGRAMS1.txt"
"4493455-NGRAMS1.txt","4493455-NGRAMS1.txt"
"4493456-NGRAMS1.txt","4493456-NGRAMS1.txt"
"4493457-NGRAMS1.txt","4493457-NGRAMS1.txt"
"4493458-NGRAMS1.txt","4493458-NGRAMS1.txt"
"4493459-NGRAMS1.txt","4493459-NGRAMS1.txt"
"4493460-NGRAMS1.txt","4493460-NGRAMS1.txt"
"4493461-NGRAMS1.txt","4493461-NGRAMS1.txt"
"4493462-NGRAMS1.txt","4493462-NGRAMS1.txt"
"4493464-NGRAMS1.txt","4493464-NGRAMS1.txt"
"4493465-NGRAMS1.txt","4493465-NGRAMS1.txt"
"4493468-NGRAMS1.txt","4493468-NGRAMS1.txt"
"4493469-NGRAMS1.txt","4493469-NGRAMS1.txt"
"4493470-NGRAMS1.txt","4493470-NGRAMS1.txt"
"4493471-NGRAMS1.txt","4493471-NGRAMS1.txt"
"4493472-NGRAMS1.txt","4493472-NGRAMS1.txt"
"4493474-NGRAMS1.txt","4493474-NGRAMS1.txt"
"4493475-NGRAMS1.txt","4493475-NGRAMS1.txt"
"4493476-NGRAMS1.txt","4493476-NGRAMS1.txt"
"4493478-NGRAMS1.txt","4493478-NGRAMS1.txt"
"4493479-NGRAMS1.txt","4493479-NGRAMS1.txt"
"4493481-NGRAMS1.txt","4493481-NGRAMS1.txt"
"4493482-NGRAMS1.txt","4493482-NGRAMS1.txt"
"4493483-NGRAMS1.txt","4493483-NGRAMS1.txt"
"4493484-NGRAMS1.txt","4493484-NGRAMS1.txt"
"4493485-NGRAMS1.txt","4493485-NGRAMS1.txt"
"4493487-NGRAMS1.txt","4493487-NGRAMS1.txt"
"4493489-NGRAMS1.txt","4493489-NGRAMS1.txt"
"4493490-NGRAMS1.txt","4493490-NGRAMS1.txt"
"4493491-NGRAMS1.txt","4493491-NGRAMS1.txt"
"4493492-NGRAMS1.txt","4493492-NGRAMS1.txt"
"4493495-NGRAMS1.txt","4493495-NGRAMS1.txt"
"4493497-NGRAMS1.txt","4493497-NGRAMS1.txt"
"4493498-NGRAMS1.txt","4493498-NGRAMS1.txt"
"4493499-NGRAMS1.txt","4493499-NGRAMS1.txt"
"4493500-NGRAMS1.txt","4493500-NGRAMS1.txt"
"4493501-NGRAMS1.txt","4493501-NGRAMS1.txt"
"4493502-NGRAMS1.txt","4493502-NGRAMS1.txt"
"4493504-NGRAMS1.txt","4493504-NGRAMS1.txt"
"4493505-NGRAMS1.txt","4493505-NGRAMS1.txt"
"4493506-NGRAMS1.txt","4493506-NGRAMS1.txt"
"4493509-NGRAMS1.txt","4493509-NGRAMS1.txt"
"3556393-NGRAMS1.txt","3556393-NGRAMS1.txt"
"3556395-NGRAMS1.txt","3556395-NGRAMS1.txt"
"3556386-NGRAMS1.txt","3556386-NGRAMS1.txt"
"3556388-NGRAMS1.txt","3556388-NGRAMS1.txt"
"3556389-NGRAMS1.txt","3556389-NGRAMS1.txt"
"3556391-NGRAMS1.txt","3556391-NGRAMS1.txt"
"3556394-NGRAMS1.txt","3556394-NGRAMS1.txt"
"3556396-NGRAMS1.txt","3556396-NGRAMS1.txt"
"3556397-NGRAMS1.txt","3556397-NGRAMS1.txt"
"3556398-NGRAMS1.txt","3556398-NGRAMS1.txt"
"3556399-NGRAMS1.txt","3556399-NGRAMS1.txt"
"3556400-NGRAMS1.txt","3556400-NGRAMS1.txt"
"3556401-NGRAMS1.txt","3556401-NGRAMS1.txt"
"3556402-NGRAMS1.txt","3556402-NGRAMS1.txt"
"3556236-NGRAMS1.txt","3556236-NGRAMS1.txt"
"3556237-NGRAMS1.txt","3556237-NGRAMS1.txt"
"3556238-NGRAMS1.txt","3556238-NGRAMS1.txt"
"3556239-NGRAMS1.txt","3556239-NGRAMS1.txt"
"3556240-NGRAMS1.txt","3556240-NGRAMS1.txt"
"3556241-NGRAMS1.txt","3556241-NGRAMS1.txt"
"3556242-NGRAMS1.txt","3556242-NGRAMS1.txt"
"3556243-NGRAMS1.txt","3556243-NGRAMS1.txt"
"3556244-NGRAMS1.txt","3556244-NGRAMS1.txt"
"3556245-NGRAMS1.txt","3556245-NGRAMS1.txt"
"3556246-NGRAMS1.txt","3556246-NGRAMS1.txt"
"3556247-NGRAMS1.txt","3556247-NGRAMS1.txt"
"3556248-NGRAMS1.txt","3556248-NGRAMS1.txt"
"3556249-NGRAMS1.txt","3556249-NGRAMS1.txt"
"3556250-NGRAMS1.txt","3556250-NGRAMS1.txt"
"3556251-NGRAMS1.txt","3556251-NGRAMS1.txt"
"3556252-NGRAMS1.txt","3556252-NGRAMS1.txt"
"3556253-NGRAMS1.txt","3556253-NGRAMS1.txt"
"3556254-NGRAMS1.txt","3556254-NGRAMS1.txt"
"3556255-NGRAMS1.txt","3556255-NGRAMS1.txt"
"3556256-NGRAMS1.txt","3556256-NGRAMS1.txt"
"3556257-NGRAMS1.txt","3556257-NGRAMS1.txt"
"3556258-NGRAMS1.txt","3556258-NGRAMS1.txt"
"3556259-NGRAMS1.txt","3556259-NGRAMS1.txt"
"3556260-NGRAMS1.txt","3556260-NGRAMS1.txt"
"3556261-NGRAMS1.txt","3556261-NGRAMS1.txt"
"3556262-NGRAMS1.txt","3556262-NGRAMS1.txt"
"3556263-NGRAMS1.txt","3556263-NGRAMS1.txt"
"3556264-NGRAMS1.txt","3556264-NGRAMS1.txt"
"3556265-NGRAMS1.txt","3556265-NGRAMS1.txt"
"3556266-NGRAMS1.txt","3556266-NGRAMS1.txt"
"3556267-NGRAMS1.txt","3556267-NGRAMS1.txt"
"3556366-NGRAMS1.txt","3556366-NGRAMS1.txt"
"3556367-NGRAMS1.txt","3556367-NGRAMS1.txt"
"3556368-NGRAMS1.txt","3556368-NGRAMS1.txt"
"3556369-NGRAMS1.txt","3556369-NGRAMS1.txt"
"3556370-NGRAMS1.txt","3556370-NGRAMS1.txt"
"3556371-NGRAMS1.txt","3556371-NGRAMS1.txt"
"3556372-NGRAMS1.txt","3556372-NGRAMS1.txt"
"3556373-NGRAMS1.txt","3556373-NGRAMS1.txt"
"3556374-NGRAMS1.txt","3556374-NGRAMS1.txt"
"3556375-NGRAMS1.txt","3556375-NGRAMS1.txt"
"3556376-NGRAMS1.txt","3556376-NGRAMS1.txt"
"3556377-NGRAMS1.txt","3556377-NGRAMS1.txt"
"3556378-NGRAMS1.txt","3556378-NGRAMS1.txt"
"3556379-NGRAMS1.txt","3556379-NGRAMS1.txt"
"3556380-NGRAMS1.txt","3556380-NGRAMS1.txt"
"3556381-NGRAMS1.txt","3556381-NGRAMS1.txt"
"3556382-NGRAMS1.txt","3556382-NGRAMS1.txt"
"3556383-NGRAMS1.txt","3556383-NGRAMS1.txt"
"3556384-NGRAMS1.txt","3556384-NGRAMS1.txt"
"3556385-NGRAMS1.txt","3556385-NGRAMS1.txt"
"3556387-NGRAMS1.txt","3556387-NGRAMS1.txt"
"3556390-NGRAMS1.txt","3556390-NGRAMS1.txt"
"3556392-NGRAMS1.txt","3556392-NGRAMS1.txt"
"40984737-NGRAMS1.txt","40984737-NGRAMS1.txt"
"40984738-NGRAMS1.txt","40984738-NGRAMS1.txt"
"40984739-NGRAMS1.txt","40984739-NGRAMS1.txt"
"40984740-NGRAMS1.txt","40984740-NGRAMS1.txt"
"40984741-NGRAMS1.txt","40984741-NGRAMS1.txt"
"40984742-NGRAMS1.txt","40984742-NGRAMS1.txt"
"40984743-NGRAMS1.txt","40984743-NGRAMS1.txt"
"40984744-NGRAMS1.txt","40984744-NGRAMS1.txt"
"40984745-NGRAMS1.txt","40984745-NGRAMS1.txt"
"40984746-NGRAMS1.txt","40984746-NGRAMS1.txt"
"40984748-NGRAMS1.txt","40984748-NGRAMS1.txt"
"40984749-NGRAMS1.txt","40984749-NGRAMS1.txt"
"40984750-NGRAMS1.txt","40984750-NGRAMS1.txt"
"40984751-NGRAMS1.txt","40984751-NGRAMS1.txt"
"40984752-NGRAMS1.txt","40984752-NGRAMS1.txt"
"40984754-NGRAMS1.txt","40984754-NGRAMS1.txt"
"40984755-NGRAMS1.txt","40984755-NGRAMS1.txt"
"40984756-NGRAMS1.txt","40984756-NGRAMS1.txt"
"40984757-NGRAMS1.txt","40984757-NGRAMS1.txt"
"40984758-NGRAMS1.txt","40984758-NGRAMS1.txt"
"40984759-NGRAMS1.txt","40984759-NGRAMS1.txt"
"40984760-NGRAMS1.txt","40984760-NGRAMS1.txt"
"40984761-NGRAMS1.txt","40984761-NGRAMS1.txt"
"40984762-NGRAMS1.txt","40984762-NGRAMS1.txt"
"40984764-NGRAMS1.txt","40984764-NGRAMS1.txt"
"40984815-NGRAMS1.txt","40984815-NGRAMS1.txt"
"40984817-NGRAMS1.txt","40984817-NGRAMS1.txt"
"40984818-NGRAMS1.txt","40984818-NGRAMS1.txt"
"40984820-NGRAMS1.txt","40984820-NGRAMS1.txt"
"40984821-NGRAMS1.txt","40984821-NGRAMS1.txt"
"40984822-NGRAMS1.txt","40984822-NGRAMS1.txt"
"40984823-NGRAMS1.txt","40984823-NGRAMS1.txt"
"40984829-NGRAMS1.txt","40984829-NGRAMS1.txt"
"40984837-NGRAMS1.txt","40984837-NGRAMS1.txt"
"41301512-NGRAMS1.txt","41301512-NGRAMS1.txt"
"41301513-NGRAMS1.txt","41301513-NGRAMS1.txt"
"41301514-NGRAMS1.txt","41301514-NGRAMS1.txt"
"41301515-NGRAMS1.txt","41301515-NGRAMS1.txt"
"41301516-NGRAMS1.txt","41301516-NGRAMS1.txt"
"41301517-NGRAMS1.txt","41301517-NGRAMS1.txt"
"41301518-NGRAMS1.txt","41301518-NGRAMS1.txt"
"41301519-NGRAMS1.txt","41301519-NGRAMS1.txt"
"41301520-NGRAMS1.txt","41301520-NGRAMS1.txt"
"41301521-NGRAMS1.txt","41301521-NGRAMS1.txt"
"41301522-NGRAMS1.txt","41301522-NGRAMS1.txt"
"41301523-NGRAMS1.txt","41301523-NGRAMS1.txt"
"41301524-NGRAMS1.txt","41301524-NGRAMS1.txt"
"41301525-NGRAMS1.txt","41301525-NGRAMS1.txt"
"41301526-NGRAMS1.txt","41301526-NGRAMS1.txt"
"41301527-NGRAMS1.txt","41301527-NGRAMS1.txt"
"41301528-NGRAMS1.txt","41301528-NGRAMS1.txt"
"41301529-NGRAMS1.txt","41301529-NGRAMS1.txt"
"41301530-NGRAMS1.txt","41301530-NGRAMS1.txt"
"41301531-NGRAMS1.txt","41301531-NGRAMS1.txt"
"41301532-NGRAMS1.txt","41301532-NGRAMS1.txt"
"41301533-NGRAMS1.txt","41301533-NGRAMS1.txt"
"41301534-NGRAMS1.txt","41301534-NGRAMS1.txt"
"41301535-NGRAMS1.txt","41301535-NGRAMS1.txt"
"41301536-NGRAMS1.txt","41301536-NGRAMS1.txt"
"41301537-NGRAMS1.txt","41301537-NGRAMS1.txt"
"41301540-NGRAMS1.txt","41301540-NGRAMS1.txt"
"41301541-NGRAMS1.txt","41301541-NGRAMS1.txt"
"41301542-NGRAMS1.txt","41301542-NGRAMS1.txt"
"41301543-NGRAMS1.txt","41301543-NGRAMS1.txt"
"41301544-NGRAMS1.txt","41301544-NGRAMS1.txt"
"41301545-NGRAMS1.txt","41301545-NGRAMS1.txt"
"41301546-NGRAMS1.txt","41301546-NGRAMS1.txt"
"41301547-NGRAMS1.txt","41301547-NGRAMS1.txt"
"41301548-NGRAMS1.txt","41301548-NGRAMS1.txt"
"41301549-NGRAMS1.txt","41301549-NGRAMS1.txt"
"41301550-NGRAMS1.txt","41301550-NGRAMS1.txt"
"41301551-NGRAMS1.txt","41301551-NGRAMS1.txt"
"41301552-NGRAMS1.txt","41301552-NGRAMS1.txt"
"41301553-NGRAMS1.txt","41301553-NGRAMS1.txt"
"41301554-NGRAMS1.txt","41301554-NGRAMS1.txt"
"41301555-NGRAMS1.txt","41301555-NGRAMS1.txt"
"41301556-NGRAMS1.txt","41301556-NGRAMS1.txt"
"41301557-NGRAMS1.txt","41301557-NGRAMS1.txt"
"41301558-NGRAMS1.txt","41301558-NGRAMS1.txt"
"41301559-NGRAMS1.txt","41301559-NGRAMS1.txt"
"41301560-NGRAMS1.txt","41301560-NGRAMS1.txt"
"41301561-NGRAMS1.txt","41301561-NGRAMS1.txt"
"41301562-NGRAMS1.txt","41301562-NGRAMS1.txt"
"41301563-NGRAMS1.txt","41301563-NGRAMS1.txt"
"41301564-NGRAMS1.txt","41301564-NGRAMS1.txt"
"41301565-NGRAMS1.txt","41301565-NGRAMS1.txt"
"41301566-NGRAMS1.txt","41301566-NGRAMS1.txt"
"41301568-NGRAMS1.txt","41301568-NGRAMS1.txt"
"41301569-NGRAMS1.txt","41301569-NGRAMS1.txt"
"41301570-NGRAMS1.txt","41301570-NGRAMS1.txt"
"41301571-NGRAMS1.txt","41301571-NGRAMS1.txt"
"41301572-NGRAMS1.txt","41301572-NGRAMS1.txt"
"41301573-NGRAMS1.txt","41301573-NGRAMS1.txt"
"4493341-NGRAMS1.txt","4493341-NGRAMS1.txt"
"4493342-NGRAMS1.txt","4493342-NGRAMS1.txt"
"4493343-NGRAMS1.txt","4493343-NGRAMS1.txt"
"4493344-NGRAMS1.txt","4493344-NGRAMS1.txt"
"4493345-NGRAMS1.txt","4493345-NGRAMS1.txt"
"4493346-NGRAMS1.txt","4493346-NGRAMS1.txt"
"4493347-NGRAMS1.txt","4493347-NGRAMS1.txt"
"4493348-NGRAMS1.txt","4493348-NGRAMS1.txt"
"4493349-NGRAMS1.txt","4493349-NGRAMS1.txt"
"4493350-NGRAMS1.txt","4493350-NGRAMS1.txt"
"4493351-NGRAMS1.txt","4493351-NGRAMS1.txt"
"4493352-NGRAMS1.txt","4493352-NGRAMS1.txt"
"4493353-NGRAMS1.txt","4493353-NGRAMS1.txt"
"4493354-NGRAMS1.txt","4493354-NGRAMS1.txt"
"4493355-NGRAMS1.txt","4493355-NGRAMS1.txt"
"4493356-NGRAMS1.txt","4493356-NGRAMS1.txt"
"4493357-NGRAMS1.txt","4493357-NGRAMS1.txt"
"4493358-NGRAMS1.txt","4493358-NGRAMS1.txt"
"4493359-NGRAMS1.txt","4493359-NGRAMS1.txt"
"4493360-NGRAMS1.txt","4493360-NGRAMS1.txt"
"4493361-NGRAMS1.txt","4493361-NGRAMS1.txt"
"4493362-NGRAMS1.txt","4493362-NGRAMS1.txt"
"4493363-NGRAMS1.txt","4493363-NGRAMS1.txt"
"4493364-NGRAMS1.txt","4493364-NGRAMS1.txt"
"4493365-NGRAMS1.txt","4493365-NGRAMS1.txt"
"4493366-NGRAMS1.txt","4493366-NGRAMS1.txt"
"4493367-NGRAMS1.txt","4493367-NGRAMS1.txt"
"4493368-NGRAMS1.txt","4493368-NGRAMS1.txt"
"4493369-NGRAMS1.txt","4493369-NGRAMS1.txt"
"4493370-NGRAMS1.txt","4493370-NGRAMS1.txt"
"4493371-NGRAMS1.txt","4493371-NGRAMS1.txt"
"4493372-NGRAMS1.txt","4493372-NGRAMS1.txt"
"4493373-NGRAMS1.txt","4493373-NGRAMS1.txt"
"4493374-NGRAMS1.txt","4493374-NGRAMS1.txt"
"4493375-NGRAMS1.txt","4493375-NGRAMS1.txt"
"4493376-NGRAMS1.txt","4493376-NGRAMS1.txt"
"4493379-NGRAMS1.txt","4493379-NGRAMS1.txt"
"4493380-NGRAMS1.txt","4493380-NGRAMS1.txt"
"4493430-NGRAMS1.txt","4493430-NGRAMS1.txt"
"4493431-NGRAMS1.txt","4493431-NGRAMS1.txt"
"4493432-NGRAMS1.txt","4493432-NGRAMS1.txt"
"4493435-NGRAMS1.txt","4493435-NGRAMS1.txt"
"4493436-NGRAMS1.txt","4493436-NGRAMS1.txt"
"4493439-NGRAMS1.txt","4493439-NGRAMS1.txt"
"4493440-NGRAMS1.txt","4493440-NGRAMS1.txt"
"4493442-NGRAMS1.txt","4493442-NGRAMS1.txt"
"4493452-NGRAMS1.txt","4493452-NGRAMS1.txt"
"4493463-NGRAMS1.txt","4493463-NGRAMS1.txt"
"4493473-NGRAMS1.txt","4493473-NGRAMS1.txt"
"4493477-NGRAMS1.txt","4493477-NGRAMS1.txt"
"4493480-NGRAMS1.txt","4493480-NGRAMS1.txt"
"4493486-NGRAMS1.txt","4493486-NGRAMS1.txt"
"4493488-NGRAMS1.txt","4493488-NGRAMS1.txt"
"4493493-NGRAMS1.txt","4493493-NGRAMS1.txt"
"4493494-NGRAMS1.txt","4493494-NGRAMS1.txt"
"4493496-NGRAMS1.txt","4493496-NGRAMS1.txt"
"4493503-NGRAMS1.txt","4493503-NGRAMS1.txt"
"4493507-NGRAMS1.txt","4493507-NGRAMS1.txt"
"4493508-NGRAMS1.txt","4493508-NGRAMS1.txt"
"638504-NGRAMS1.txt","638504-NGRAMS1.txt"
"638594-NGRAMS1.txt","638594-NGRAMS1.txt"
"3556215-NGRAMS1.txt","3556215-NGRAMS1.txt"
"638336-NGRAMS1.txt","638336-NGRAMS1.txt"
"639881-NGRAMS1.txt","639881-NGRAMS1.txt"
"1558941-NGRAMS1.txt","1558941-NGRAMS1.txt"
"3556490-NGRAMS1.txt","3556490-NGRAMS1.txt"
"3556493-NGRAMS1.txt","3556493-NGRAMS1.txt"
"3556513-NGRAMS1.txt","3556513-NGRAMS1.txt"
"3556515-NGRAMS1.txt","3556515-NGRAMS1.txt"
"3556521-NGRAMS1.txt","3556521-NGRAMS1.txt"
"638532-NGRAMS1.txt","638532-NGRAMS1.txt"
"638552-NGRAMS1.txt","638552-NGRAMS1.txt"
"638574-NGRAMS1.txt","638574-NGRAMS1.txt"
"638753-NGRAMS1.txt","638753-NGRAMS1.txt"
"638880-NGRAMS1.txt","638880-NGRAMS1.txt"
"638899-NGRAMS1.txt","638899-NGRAMS1.txt"
"638910-NGRAMS1.txt","638910-NGRAMS1.txt"
"639024-NGRAMS1.txt","639024-NGRAMS1.txt"
"639073-NGRAMS1.txt","639073-NGRAMS1.txt"
"639103-NGRAMS1.txt","639103-NGRAMS1.txt"
"639178-NGRAMS1.txt","639178-NGRAMS1.txt"
"639179-NGRAMS1.txt","639179-NGRAMS1.txt"
"639377-NGRAMS1.txt","639377-NGRAMS1.txt"
"639529-NGRAMS1.txt","639529-NGRAMS1.txt"
"639639-NGRAMS1.txt","639639-NGRAMS1.txt"
"639683-NGRAMS1.txt","639683-NGRAMS1.txt"
"639755-NGRAMS1.txt","639755-NGRAMS1.txt"
"639782-NGRAMS1.txt","639782-NGRAMS1.txt"
"639832-NGRAMS1.txt","639832-NGRAMS1.txt"
"639870-NGRAMS1.txt","639870-NGRAMS1.txt"
"1558895-NGRAMS1.txt","1558895-NGRAMS1.txt"
"1558898-NGRAMS1.txt","1558898-NGRAMS1.txt"
"1558900-NGRAMS1.txt","1558900-NGRAMS1.txt"
"1558909-NGRAMS1.txt","1558909-NGRAMS1.txt"
"1558910-NGRAMS1.txt","1558910-NGRAMS1.txt"
"1558915-NGRAMS1.txt","1558915-NGRAMS1.txt"
"1558943-NGRAMS1.txt","1558943-NGRAMS1.txt"
"3556227-NGRAMS1.txt","3556227-NGRAMS1.txt"
"3556406-NGRAMS1.txt","3556406-NGRAMS1.txt"
"3556445-NGRAMS1.txt","3556445-NGRAMS1.txt"
"3556479-NGRAMS1.txt","3556479-NGRAMS1.txt"
"3556482-NGRAMS1.txt","3556482-NGRAMS1.txt"
"3556489-NGRAMS1.txt","3556489-NGRAMS1.txt"
"3556531-NGRAMS1.txt","3556531-NGRAMS1.txt"
"638144-NGRAMS1.txt","638144-NGRAMS1.txt"
"638150-NGRAMS1.txt","638150-NGRAMS1.txt"
"638157-NGRAMS1.txt","638157-NGRAMS1.txt"
"638288-NGRAMS1.txt","638288-NGRAMS1.txt"
"638290-NGRAMS1.txt","638290-NGRAMS1.txt"
"638292-NGRAMS1.txt","638292-NGRAMS1.txt"
"638296-NGRAMS1.txt","638296-NGRAMS1.txt"
"638297-NGRAMS1.txt","638297-NGRAMS1.txt"
"638300-NGRAMS1.txt","638300-NGRAMS1.txt"
"638306-NGRAMS1.txt","638306-NGRAMS1.txt"
"638331-NGRAMS1.txt","638331-NGRAMS1.txt"
"638347-NGRAMS1.txt","638347-NGRAMS1.txt"
"638350-NGRAMS1.txt","638350-NGRAMS1.txt"
"638472-NGRAMS1.txt","638472-NGRAMS1.txt"
"638512-NGRAMS1.txt","638512-NGRAMS1.txt"
"638515-NGRAMS1.txt","638515-NGRAMS1.txt"
"638516-NGRAMS1.txt","638516-NGRAMS1.txt"
"638530-NGRAMS1.txt","638530-NGRAMS1.txt"
"638531-NGRAMS1.txt","638531-NGRAMS1.txt"
"638533-NGRAMS1.txt","638533-NGRAMS1.txt"
"638550-NGRAMS1.txt","638550-NGRAMS1.txt"
"638553-NGRAMS1.txt","638553-NGRAMS1.txt"
"638563-NGRAMS1.txt","638563-NGRAMS1.txt"
"638567-NGRAMS1.txt","638567-NGRAMS1.txt"
"638575-NGRAMS1.txt","638575-NGRAMS1.txt"
"638580-NGRAMS1.txt","638580-NGRAMS1.txt"
"638581-NGRAMS1.txt","638581-NGRAMS1.txt"
"638582-NGRAMS1.txt","638582-NGRAMS1.txt"
"638584-NGRAMS1.txt","638584-NGRAMS1.txt"
"638642-NGRAMS1.txt","638642-NGRAMS1.txt"
"638646-NGRAMS1.txt","638646-NGRAMS1.txt"
"638651-NGRAMS1.txt","638651-NGRAMS1.txt"
"638654-NGRAMS1.txt","638654-NGRAMS1.txt"
"638661-NGRAMS1.txt","638661-NGRAMS1.txt"
"638663-NGRAMS1.txt","638663-NGRAMS1.txt"
"638739-NGRAMS1.txt","638739-NGRAMS1.txt"
"638742-NGRAMS1.txt","638742-NGRAMS1.txt"
"638743-NGRAMS1.txt","638743-NGRAMS1.txt"
"638746-NGRAMS1.txt","638746-NGRAMS1.txt"
"638749-NGRAMS1.txt","638749-NGRAMS1.txt"
"638759-NGRAMS1.txt","638759-NGRAMS1.txt"
"638785-NGRAMS1.txt","638785-NGRAMS1.txt"
"638786-NGRAMS1.txt","638786-NGRAMS1.txt"
"638801-NGRAMS1.txt","638801-NGRAMS1.txt"
"638802-NGRAMS1.txt","638802-NGRAMS1.txt"
"638809-NGRAMS1.txt","638809-NGRAMS1.txt"
"638815-NGRAMS1.txt","638815-NGRAMS1.txt"
"638817-NGRAMS1.txt","638817-NGRAMS1.txt"
"638835-NGRAMS1.txt","638835-NGRAMS1.txt"
"638876-NGRAMS1.txt","638876-NGRAMS1.txt"
"638878-NGRAMS1.txt","638878-NGRAMS1.txt"
"638882-NGRAMS1.txt","638882-NGRAMS1.txt"
"638907-NGRAMS1.txt","638907-NGRAMS1.txt"
"638924-NGRAMS1.txt","638924-NGRAMS1.txt"
"638940-NGRAMS1.txt","638940-NGRAMS1.txt"
"638948-NGRAMS1.txt","638948-NGRAMS1.txt"
"638985-NGRAMS1.txt","638985-NGRAMS1.txt"
"638987-NGRAMS1.txt","638987-NGRAMS1.txt"
"638989-NGRAMS1.txt","638989-NGRAMS1.txt"
"639034-NGRAMS1.txt","639034-NGRAMS1.txt"
"639078-NGRAMS1.txt","639078-NGRAMS1.txt"
"639098-NGRAMS1.txt","639098-NGRAMS1.txt"
"639110-NGRAMS1.txt","639110-NGRAMS1.txt"
"639139-NGRAMS1.txt","639139-NGRAMS1.txt"
"639144-NGRAMS1.txt","639144-NGRAMS1.txt"
"639147-NGRAMS1.txt","639147-NGRAMS1.txt"
"639153-NGRAMS1.txt","639153-NGRAMS1.txt"
"639156-NGRAMS1.txt","639156-NGRAMS1.txt"
"639160-NGRAMS1.txt","639160-NGRAMS1.txt"
"639168-NGRAMS1.txt","639168-NGRAMS1.txt"
"639182-NGRAMS1.txt","639182-NGRAMS1.txt"
"639186-NGRAMS1.txt","639186-NGRAMS1.txt"
"639195-NGRAMS1.txt","639195-NGRAMS1.txt"
"639202-NGRAMS1.txt","639202-NGRAMS1.txt"
"639209-NGRAMS1.txt","639209-NGRAMS1.txt"
"639222-NGRAMS1.txt","639222-NGRAMS1.txt"
"639281-NGRAMS1.txt","639281-NGRAMS1.txt"
"639293-NGRAMS1.txt","639293-NGRAMS1.txt"
"639311-NGRAMS1.txt","639311-NGRAMS1.txt"
"639314-NGRAMS1.txt","639314-NGRAMS1.txt"
"639326-NGRAMS1.txt","639326-NGRAMS1.txt"
"639342-NGRAMS1.txt","639342-NGRAMS1.txt"
"639353-NGRAMS1.txt","639353-NGRAMS1.txt"
"639370-NGRAMS1.txt","639370-NGRAMS1.txt"
"639379-NGRAMS1.txt","639379-NGRAMS1.txt"
"639386-NGRAMS1.txt","639386-NGRAMS1.txt"
"639387-NGRAMS1.txt","639387-NGRAMS1.txt"
"639403-NGRAMS1.txt","639403-NGRAMS1.txt"
"639454-NGRAMS1.txt","639454-NGRAMS1.txt"
"639456-NGRAMS1.txt","639456-NGRAMS1.txt"
"639458-NGRAMS1.txt","639458-NGRAMS1.txt"
"639462-NGRAMS1.txt","639462-NGRAMS1.txt"
"639488-NGRAMS1.txt","639488-NGRAMS1.txt"
"639489-NGRAMS1.txt","639489-NGRAMS1.txt"
"639490-NGRAMS1.txt","639490-NGRAMS1.txt"
"639497-NGRAMS1.txt","639497-NGRAMS1.txt"
"639508-NGRAMS1.txt","639508-NGRAMS1.txt"
"639522-NGRAMS1.txt","639522-NGRAMS1.txt"
"639559-NGRAMS1.txt","639559-NGRAMS1.txt"
"639560-NGRAMS1.txt","639560-NGRAMS1.txt"
"639576-NGRAMS1.txt","639576-NGRAMS1.txt"
"639595-NGRAMS1.txt","639595-NGRAMS1.txt"
"639606-NGRAMS1.txt","639606-NGRAMS1.txt"
"639607-NGRAMS1.txt","639607-NGRAMS1.txt"
"639628-NGRAMS1.txt","639628-NGRAMS1.txt"
"639651-NGRAMS1.txt","639651-NGRAMS1.txt"
"639653-NGRAMS1.txt","639653-NGRAMS1.txt"
"639674-NGRAMS1.txt","639674-NGRAMS1.txt"
"639700-NGRAMS1.txt","639700-NGRAMS1.txt"
"639719-NGRAMS1.txt","639719-NGRAMS1.txt"
"639742-NGRAMS1.txt","639742-NGRAMS1.txt"
"639762-NGRAMS1.txt","639762-NGRAMS1.txt"
"639766-NGRAMS1.txt","639766-NGRAMS1.txt"
"639794-NGRAMS1.txt","639794-NGRAMS1.txt"
"639803-NGRAMS1.txt","639803-NGRAMS1.txt"
"639812-NGRAMS1.txt","639812-NGRAMS1.txt"
"639863-NGRAMS1.txt","639863-NGRAMS1.txt"
"639868-NGRAMS1.txt","639868-NGRAMS1.txt"
"639873-NGRAMS1.txt","639873-NGRAMS1.txt"
"639874-NGRAMS1.txt","639874-NGRAMS1.txt"
"639875-NGRAMS1.txt","639875-NGRAMS1.txt"
"639888-NGRAMS1.txt","639888-NGRAMS1.txt"
"1558934-NGRAMS1.txt","1558934-NGRAMS1.txt"
"638879-NGRAMS1.txt","638879-NGRAMS1.txt"
"639318-NGRAMS1.txt","639318-NGRAMS1.txt"
"1558937-NGRAMS1.txt","1558937-NGRAMS1.txt"
"1558951-NGRAMS1.txt","1558951-NGRAMS1.txt"
"3556478-NGRAMS1.txt","3556478-NGRAMS1.txt"
"3556495-NGRAMS1.txt","3556495-NGRAMS1.txt"
"638995-NGRAMS1.txt","638995-NGRAMS1.txt"
"639036-NGRAMS1.txt","639036-NGRAMS1.txt"
"639344-NGRAMS1.txt","639344-NGRAMS1.txt"
"639575-NGRAMS1.txt","639575-NGRAMS1.txt"
"639711-NGRAMS1.txt","639711-NGRAMS1.txt"
"639830-NGRAMS1.txt","639830-NGRAMS1.txt"
"639838-NGRAMS1.txt","639838-NGRAMS1.txt"
"639883-NGRAMS1.txt","639883-NGRAMS1.txt"
"1558894-NGRAMS1.txt","1558894-NGRAMS1.txt"
"1558902-NGRAMS1.txt","1558902-NGRAMS1.txt"
"1558905-NGRAMS1.txt","1558905-NGRAMS1.txt"
"1558907-NGRAMS1.txt","1558907-NGRAMS1.txt"
"1558933-NGRAMS1.txt","1558933-NGRAMS1.txt"
"1558938-NGRAMS1.txt","1558938-NGRAMS1.txt"
"1558945-NGRAMS1.txt","1558945-NGRAMS1.txt"
"3556205-NGRAMS1.txt","3556205-NGRAMS1.txt"
"3556206-NGRAMS1.txt","3556206-NGRAMS1.txt"
"3556223-NGRAMS1.txt","3556223-NGRAMS1.txt"
"3556331-NGRAMS1.txt","3556331-NGRAMS1.txt"
"3556334-NGRAMS1.txt","3556334-NGRAMS1.txt"
"3556335-NGRAMS1.txt","3556335-NGRAMS1.txt"
"3556337-NGRAMS1.txt","3556337-NGRAMS1.txt"
"3556409-NGRAMS1.txt","3556409-NGRAMS1.txt"
"3556458-NGRAMS1.txt","3556458-NGRAMS1.txt"
"3556496-NGRAMS1.txt","3556496-NGRAMS1.txt"
"3556503-NGRAMS1.txt","3556503-NGRAMS1.txt"
"3556504-NGRAMS1.txt","3556504-NGRAMS1.txt"
"3556523-NGRAMS1.txt","3556523-NGRAMS1.txt"
"3556528-NGRAMS1.txt","3556528-NGRAMS1.txt"
"3556540-NGRAMS1.txt","3556540-NGRAMS1.txt"
"638303-NGRAMS1.txt","638303-NGRAMS1.txt"
"638308-NGRAMS1.txt","638308-NGRAMS1.txt"
"638335-NGRAMS1.txt","638335-NGRAMS1.txt"
"638341-NGRAMS1.txt","638341-NGRAMS1.txt"
"638346-NGRAMS1.txt","638346-NGRAMS1.txt"
"638469-NGRAMS1.txt","638469-NGRAMS1.txt"
"638511-NGRAMS1.txt","638511-NGRAMS1.txt"
"638518-NGRAMS1.txt","638518-NGRAMS1.txt"
"638641-NGRAMS1.txt","638641-NGRAMS1.txt"
"638653-NGRAMS1.txt","638653-NGRAMS1.txt"
"638736-NGRAMS1.txt","638736-NGRAMS1.txt"
"638741-NGRAMS1.txt","638741-NGRAMS1.txt"
"638781-NGRAMS1.txt","638781-NGRAMS1.txt"
"638790-NGRAMS1.txt","638790-NGRAMS1.txt"
"638793-NGRAMS1.txt","638793-NGRAMS1.txt"
"638828-NGRAMS1.txt","638828-NGRAMS1.txt"
"638829-NGRAMS1.txt","638829-NGRAMS1.txt"
"638855-NGRAMS1.txt","638855-NGRAMS1.txt"
"638856-NGRAMS1.txt","638856-NGRAMS1.txt"
"638860-NGRAMS1.txt","638860-NGRAMS1.txt"
"638861-NGRAMS1.txt","638861-NGRAMS1.txt"
"638874-NGRAMS1.txt","638874-NGRAMS1.txt"
"638898-NGRAMS1.txt","638898-NGRAMS1.txt"
"638911-NGRAMS1.txt","638911-NGRAMS1.txt"
"638944-NGRAMS1.txt","638944-NGRAMS1.txt"
"638950-NGRAMS1.txt","638950-NGRAMS1.txt"
"638954-NGRAMS1.txt","638954-NGRAMS1.txt"
"638955-NGRAMS1.txt","638955-NGRAMS1.txt"
"638959-NGRAMS1.txt","638959-NGRAMS1.txt"
"638990-NGRAMS1.txt","638990-NGRAMS1.txt"
"639000-NGRAMS1.txt","639000-NGRAMS1.txt"
"639009-NGRAMS1.txt","639009-NGRAMS1.txt"
"639019-NGRAMS1.txt","639019-NGRAMS1.txt"
"639025-NGRAMS1.txt","639025-NGRAMS1.txt"
"639061-NGRAMS1.txt","639061-NGRAMS1.txt"
"639067-NGRAMS1.txt","639067-NGRAMS1.txt"
"639096-NGRAMS1.txt","639096-NGRAMS1.txt"
"639166-NGRAMS1.txt","639166-NGRAMS1.txt"
"639244-NGRAMS1.txt","639244-NGRAMS1.txt"
"639247-NGRAMS1.txt","639247-NGRAMS1.txt"
"639249-NGRAMS1.txt","639249-NGRAMS1.txt"
"639250-NGRAMS1.txt","639250-NGRAMS1.txt"
"639324-NGRAMS1.txt","639324-NGRAMS1.txt"
"639340-NGRAMS1.txt","639340-NGRAMS1.txt"
"639390-NGRAMS1.txt","639390-NGRAMS1.txt"
"639396-NGRAMS1.txt","639396-NGRAMS1.txt"
"639448-NGRAMS1.txt","639448-NGRAMS1.txt"
"639457-NGRAMS1.txt","639457-NGRAMS1.txt"
"639469-NGRAMS1.txt","639469-NGRAMS1.txt"
"639471-NGRAMS1.txt","639471-NGRAMS1.txt"
"639493-NGRAMS1.txt","639493-NGRAMS1.txt"
"639495-NGRAMS1.txt","639495-NGRAMS1.txt"
"639496-NGRAMS1.txt","639496-NGRAMS1.txt"
"639530-NGRAMS1.txt","639530-NGRAMS1.txt"
"639578-NGRAMS1.txt","639578-NGRAMS1.txt"
"639581-NGRAMS1.txt","639581-NGRAMS1.txt"
"639597-NGRAMS1.txt","639597-NGRAMS1.txt"
"639611-NGRAMS1.txt","639611-NGRAMS1.txt"
"639612-NGRAMS1.txt","639612-NGRAMS1.txt"
"639613-NGRAMS1.txt","639613-NGRAMS1.txt"
"639641-NGRAMS1.txt","639641-NGRAMS1.txt"
"639665-NGRAMS1.txt","639665-NGRAMS1.txt"
"639672-NGRAMS1.txt","639672-NGRAMS1.txt"
"639675-NGRAMS1.txt","639675-NGRAMS1.txt"
"639681-NGRAMS1.txt","639681-NGRAMS1.txt"
"639682-NGRAMS1.txt","639682-NGRAMS1.txt"
"639687-NGRAMS1.txt","639687-NGRAMS1.txt"
"639694-NGRAMS1.txt","639694-NGRAMS1.txt"
"639724-NGRAMS1.txt","639724-NGRAMS1.txt"
"639736-NGRAMS1.txt","639736-NGRAMS1.txt"
"639738-NGRAMS1.txt","639738-NGRAMS1.txt"
"639747-NGRAMS1.txt","639747-NGRAMS1.txt"
"639764-NGRAMS1.txt","639764-NGRAMS1.txt"
"639791-NGRAMS1.txt","639791-NGRAMS1.txt"
"639839-NGRAMS1.txt","639839-NGRAMS1.txt"
"639857-NGRAMS1.txt","639857-NGRAMS1.txt"
"639882-NGRAMS1.txt","639882-NGRAMS1.txt"
"639899-NGRAMS1.txt","639899-NGRAMS1.txt"
"1558897-NGRAMS1.txt","1558897-NGRAMS1.txt"
"639066-NGRAMS1.txt","639066-NGRAMS1.txt"
"1558932-NGRAMS1.txt","1558932-NGRAMS1.txt"
"638289-NGRAMS1.txt","638289-NGRAMS1.txt"
"638338-NGRAMS1.txt","638338-NGRAMS1.txt"
"638456-NGRAMS1.txt","638456-NGRAMS1.txt"
"638551-NGRAMS1.txt","638551-NGRAMS1.txt"
"638803-NGRAMS1.txt","638803-NGRAMS1.txt"
"638912-NGRAMS1.txt","638912-NGRAMS1.txt"
"638956-NGRAMS1.txt","638956-NGRAMS1.txt"
"639155-NGRAMS1.txt","639155-NGRAMS1.txt"
"639315-NGRAMS1.txt","639315-NGRAMS1.txt"
"639643-NGRAMS1.txt","639643-NGRAMS1.txt"
"639671-NGRAMS1.txt","639671-NGRAMS1.txt"
"639760-NGRAMS1.txt","639760-NGRAMS1.txt"
"639828-NGRAMS1.txt","639828-NGRAMS1.txt"
"1558936-NGRAMS1.txt","1558936-NGRAMS1.txt"
"3556336-NGRAMS1.txt","3556336-NGRAMS1.txt"
"3556340-NGRAMS1.txt","3556340-NGRAMS1.txt"
"3556430-NGRAMS1.txt","3556430-NGRAMS1.txt"
"3556451-NGRAMS1.txt","3556451-NGRAMS1.txt"
"3556468-NGRAMS1.txt","3556468-NGRAMS1.txt"
"3556483-NGRAMS1.txt","3556483-NGRAMS1.txt"
"3556487-NGRAMS1.txt","3556487-NGRAMS1.txt"
"3556518-NGRAMS1.txt","3556518-NGRAMS1.txt"
"3556519-NGRAMS1.txt","3556519-NGRAMS1.txt"
"3556522-NGRAMS1.txt","3556522-NGRAMS1.txt"
"638156-NGRAMS1.txt","638156-NGRAMS1.txt"
"638295-NGRAMS1.txt","638295-NGRAMS1.txt"
"638299-NGRAMS1.txt","638299-NGRAMS1.txt"
"638514-NGRAMS1.txt","638514-NGRAMS1.txt"
"638534-NGRAMS1.txt","638534-NGRAMS1.txt"
"638577-NGRAMS1.txt","638577-NGRAMS1.txt"
"638578-NGRAMS1.txt","638578-NGRAMS1.txt"
"638671-NGRAMS1.txt","638671-NGRAMS1.txt"
"638740-NGRAMS1.txt","638740-NGRAMS1.txt"
"638775-NGRAMS1.txt","638775-NGRAMS1.txt"
"638779-NGRAMS1.txt","638779-NGRAMS1.txt"
"638787-NGRAMS1.txt","638787-NGRAMS1.txt"
"638804-NGRAMS1.txt","638804-NGRAMS1.txt"
"638806-NGRAMS1.txt","638806-NGRAMS1.txt"
"638811-NGRAMS1.txt","638811-NGRAMS1.txt"
"638857-NGRAMS1.txt","638857-NGRAMS1.txt"
"638875-NGRAMS1.txt","638875-NGRAMS1.txt"
"638877-NGRAMS1.txt","638877-NGRAMS1.txt"
"638886-NGRAMS1.txt","638886-NGRAMS1.txt"
"638909-NGRAMS1.txt","638909-NGRAMS1.txt"
"638943-NGRAMS1.txt","638943-NGRAMS1.txt"
"638978-NGRAMS1.txt","638978-NGRAMS1.txt"
"639022-NGRAMS1.txt","639022-NGRAMS1.txt"
"639030-NGRAMS1.txt","639030-NGRAMS1.txt"
"639063-NGRAMS1.txt","639063-NGRAMS1.txt"
"639069-NGRAMS1.txt","639069-NGRAMS1.txt"
"639090-NGRAMS1.txt","639090-NGRAMS1.txt"
"639091-NGRAMS1.txt","639091-NGRAMS1.txt"
"639099-NGRAMS1.txt","639099-NGRAMS1.txt"
"639107-NGRAMS1.txt","639107-NGRAMS1.txt"
"639114-NGRAMS1.txt","639114-NGRAMS1.txt"
"639152-NGRAMS1.txt","639152-NGRAMS1.txt"
"639157-NGRAMS1.txt","639157-NGRAMS1.txt"
"639180-NGRAMS1.txt","639180-NGRAMS1.txt"
"639200-NGRAMS1.txt","639200-NGRAMS1.txt"
"639201-NGRAMS1.txt","639201-NGRAMS1.txt"
"639205-NGRAMS1.txt","639205-NGRAMS1.txt"
"639210-NGRAMS1.txt","639210-NGRAMS1.txt"
"639215-NGRAMS1.txt","639215-NGRAMS1.txt"
"639217-NGRAMS1.txt","639217-NGRAMS1.txt"
"639246-NGRAMS1.txt","639246-NGRAMS1.txt"
"639295-NGRAMS1.txt","639295-NGRAMS1.txt"
"639347-NGRAMS1.txt","639347-NGRAMS1.txt"
"639356-NGRAMS1.txt","639356-NGRAMS1.txt"
"639388-NGRAMS1.txt","639388-NGRAMS1.txt"
"639450-NGRAMS1.txt","639450-NGRAMS1.txt"
"639455-NGRAMS1.txt","639455-NGRAMS1.txt"
"639459-NGRAMS1.txt","639459-NGRAMS1.txt"
"639482-NGRAMS1.txt","639482-NGRAMS1.txt"
"639501-NGRAMS1.txt","639501-NGRAMS1.txt"
"639510-NGRAMS1.txt","639510-NGRAMS1.txt"
"639540-NGRAMS1.txt","639540-NGRAMS1.txt"
"639543-NGRAMS1.txt","639543-NGRAMS1.txt"
"639550-NGRAMS1.txt","639550-NGRAMS1.txt"
"639561-NGRAMS1.txt","639561-NGRAMS1.txt"
"639566-NGRAMS1.txt","639566-NGRAMS1.txt"
"639573-NGRAMS1.txt","639573-NGRAMS1.txt"
"639605-NGRAMS1.txt","639605-NGRAMS1.txt"
"639610-NGRAMS1.txt","639610-NGRAMS1.txt"
"639634-NGRAMS1.txt","639634-NGRAMS1.txt"
"639636-NGRAMS1.txt","639636-NGRAMS1.txt"
"639640-NGRAMS1.txt","639640-NGRAMS1.txt"
"639677-NGRAMS1.txt","639677-NGRAMS1.txt"
"639679-NGRAMS1.txt","639679-NGRAMS1.txt"
"639690-NGRAMS1.txt","639690-NGRAMS1.txt"
"639753-NGRAMS1.txt","639753-NGRAMS1.txt"
"639800-NGRAMS1.txt","639800-NGRAMS1.txt"
"639811-NGRAMS1.txt","639811-NGRAMS1.txt"
"639818-NGRAMS1.txt","639818-NGRAMS1.txt"
"639826-NGRAMS1.txt","639826-NGRAMS1.txt"
"639836-NGRAMS1.txt","639836-NGRAMS1.txt"
"639840-NGRAMS1.txt","639840-NGRAMS1.txt"
"638647-NGRAMS1.txt","638647-NGRAMS1.txt"
"639569-NGRAMS1.txt","639569-NGRAMS1.txt"
"638831-NGRAMS1.txt","638831-NGRAMS1.txt"
"638980-NGRAMS1.txt","638980-NGRAMS1.txt"
"638994-NGRAMS1.txt","638994-NGRAMS1.txt"
"639151-NGRAMS1.txt","639151-NGRAMS1.txt"
"639181-NGRAMS1.txt","639181-NGRAMS1.txt"
"639219-NGRAMS1.txt","639219-NGRAMS1.txt"
"639277-NGRAMS1.txt","639277-NGRAMS1.txt"
"639352-NGRAMS1.txt","639352-NGRAMS1.txt"
"639373-NGRAMS1.txt","639373-NGRAMS1.txt"
"639485-NGRAMS1.txt","639485-NGRAMS1.txt"
"639556-NGRAMS1.txt","639556-NGRAMS1.txt"
"1558893-NGRAMS1.txt","1558893-NGRAMS1.txt"
"3556324-NGRAMS1.txt","3556324-NGRAMS1.txt"
"3556326-NGRAMS1.txt","3556326-NGRAMS1.txt"
"3556351-NGRAMS1.txt","3556351-NGRAMS1.txt"
"3556357-NGRAMS1.txt","3556357-NGRAMS1.txt"
"3556460-NGRAMS1.txt","3556460-NGRAMS1.txt"
"3556480-NGRAMS1.txt","3556480-NGRAMS1.txt"
"3556505-NGRAMS1.txt","3556505-NGRAMS1.txt"
"3556512-NGRAMS1.txt","3556512-NGRAMS1.txt"
"3556526-NGRAMS1.txt","3556526-NGRAMS1.txt"
"638153-NGRAMS1.txt","638153-NGRAMS1.txt"
"638287-NGRAMS1.txt","638287-NGRAMS1.txt"
"638291-NGRAMS1.txt","638291-NGRAMS1.txt"
"638334-NGRAMS1.txt","638334-NGRAMS1.txt"
"638342-NGRAMS1.txt","638342-NGRAMS1.txt"
"638344-NGRAMS1.txt","638344-NGRAMS1.txt"
"638352-NGRAMS1.txt","638352-NGRAMS1.txt"
"638544-NGRAMS1.txt","638544-NGRAMS1.txt"
"638546-NGRAMS1.txt","638546-NGRAMS1.txt"
"638576-NGRAMS1.txt","638576-NGRAMS1.txt"
"638665-NGRAMS1.txt","638665-NGRAMS1.txt"
"638813-NGRAMS1.txt","638813-NGRAMS1.txt"
"638847-NGRAMS1.txt","638847-NGRAMS1.txt"
"638868-NGRAMS1.txt","638868-NGRAMS1.txt"
"638908-NGRAMS1.txt","638908-NGRAMS1.txt"
"638929-NGRAMS1.txt","638929-NGRAMS1.txt"
"638945-NGRAMS1.txt","638945-NGRAMS1.txt"
"638951-NGRAMS1.txt","638951-NGRAMS1.txt"
"639033-NGRAMS1.txt","639033-NGRAMS1.txt"
"639100-NGRAMS1.txt","639100-NGRAMS1.txt"
"639146-NGRAMS1.txt","639146-NGRAMS1.txt"
"639164-NGRAMS1.txt","639164-NGRAMS1.txt"
"639255-NGRAMS1.txt","639255-NGRAMS1.txt"
"639285-NGRAMS1.txt","639285-NGRAMS1.txt"
"639312-NGRAMS1.txt","639312-NGRAMS1.txt"
"639323-NGRAMS1.txt","639323-NGRAMS1.txt"
"639337-NGRAMS1.txt","639337-NGRAMS1.txt"
"639346-NGRAMS1.txt","639346-NGRAMS1.txt"
"639351-NGRAMS1.txt","639351-NGRAMS1.txt"
"639361-NGRAMS1.txt","639361-NGRAMS1.txt"
"639381-NGRAMS1.txt","639381-NGRAMS1.txt"
"639452-NGRAMS1.txt","639452-NGRAMS1.txt"
"639466-NGRAMS1.txt","639466-NGRAMS1.txt"
"639547-NGRAMS1.txt","639547-NGRAMS1.txt"
"639571-NGRAMS1.txt","639571-NGRAMS1.txt"
"639572-NGRAMS1.txt","639572-NGRAMS1.txt"
"639584-NGRAMS1.txt","639584-NGRAMS1.txt"
"639637-NGRAMS1.txt","639637-NGRAMS1.txt"
"639686-NGRAMS1.txt","639686-NGRAMS1.txt"
"639750-NGRAMS1.txt","639750-NGRAMS1.txt"
"639756-NGRAMS1.txt","639756-NGRAMS1.txt"
"639769-NGRAMS1.txt","639769-NGRAMS1.txt"
"639807-NGRAMS1.txt","639807-NGRAMS1.txt"
"639827-NGRAMS1.txt","639827-NGRAMS1.txt"
"639831-NGRAMS1.txt","639831-NGRAMS1.txt"
"639841-NGRAMS1.txt","639841-NGRAMS1.txt"
"639853-NGRAMS1.txt","639853-NGRAMS1.txt"
"639835-NGRAMS1.txt","639835-NGRAMS1.txt"
"1558939-NGRAMS1.txt","1558939-NGRAMS1.txt"
"638738-NGRAMS1.txt","638738-NGRAMS1.txt"
"638778-NGRAMS1.txt","638778-NGRAMS1.txt"
"638788-NGRAMS1.txt","638788-NGRAMS1.txt"
"638837-NGRAMS1.txt","638837-NGRAMS1.txt"
"639071-NGRAMS1.txt","639071-NGRAMS1.txt"
"639095-NGRAMS1.txt","639095-NGRAMS1.txt"
"639476-NGRAMS1.txt","639476-NGRAMS1.txt"
"639712-NGRAMS1.txt","639712-NGRAMS1.txt"
"639739-NGRAMS1.txt","639739-NGRAMS1.txt"
"639790-NGRAMS1.txt","639790-NGRAMS1.txt"
"639795-NGRAMS1.txt","639795-NGRAMS1.txt"
"639879-NGRAMS1.txt","639879-NGRAMS1.txt"
"1558903-NGRAMS1.txt","1558903-NGRAMS1.txt"
"1558911-NGRAMS1.txt","1558911-NGRAMS1.txt"
"1558912-NGRAMS1.txt","1558912-NGRAMS1.txt"
"1558913-NGRAMS1.txt","1558913-NGRAMS1.txt"
"1558918-NGRAMS1.txt","1558918-NGRAMS1.txt"
"1558935-NGRAMS1.txt","1558935-NGRAMS1.txt"
"3556207-NGRAMS1.txt","3556207-NGRAMS1.txt"
"3556210-NGRAMS1.txt","3556210-NGRAMS1.txt"
"3556214-NGRAMS1.txt","3556214-NGRAMS1.txt"
"3556221-NGRAMS1.txt","3556221-NGRAMS1.txt"
"3556327-NGRAMS1.txt","3556327-NGRAMS1.txt"
"3556330-NGRAMS1.txt","3556330-NGRAMS1.txt"
"3556333-NGRAMS1.txt","3556333-NGRAMS1.txt"
"3556344-NGRAMS1.txt","3556344-NGRAMS1.txt"
"3556434-NGRAMS1.txt","3556434-NGRAMS1.txt"
"3556443-NGRAMS1.txt","3556443-NGRAMS1.txt"
"3556446-NGRAMS1.txt","3556446-NGRAMS1.txt"
"3556455-NGRAMS1.txt","3556455-NGRAMS1.txt"
"3556459-NGRAMS1.txt","3556459-NGRAMS1.txt"
"3556491-NGRAMS1.txt","3556491-NGRAMS1.txt"
"3556535-NGRAMS1.txt","3556535-NGRAMS1.txt"
"638152-NGRAMS1.txt","638152-NGRAMS1.txt"
"638163-NGRAMS1.txt","638163-NGRAMS1.txt"
"638294-NGRAMS1.txt","638294-NGRAMS1.txt"
"638302-NGRAMS1.txt","638302-NGRAMS1.txt"
"638332-NGRAMS1.txt","638332-NGRAMS1.txt"
"638349-NGRAMS1.txt","638349-NGRAMS1.txt"
"638459-NGRAMS1.txt","638459-NGRAMS1.txt"
"638535-NGRAMS1.txt","638535-NGRAMS1.txt"
"638566-NGRAMS1.txt","638566-NGRAMS1.txt"
"638570-NGRAMS1.txt","638570-NGRAMS1.txt"
"638662-NGRAMS1.txt","638662-NGRAMS1.txt"
"638731-NGRAMS1.txt","638731-NGRAMS1.txt"
"638750-NGRAMS1.txt","638750-NGRAMS1.txt"
"638757-NGRAMS1.txt","638757-NGRAMS1.txt"
"638791-NGRAMS1.txt","638791-NGRAMS1.txt"
"638842-NGRAMS1.txt","638842-NGRAMS1.txt"
"638846-NGRAMS1.txt","638846-NGRAMS1.txt"
"638867-NGRAMS1.txt","638867-NGRAMS1.txt"
"638917-NGRAMS1.txt","638917-NGRAMS1.txt"
"638923-NGRAMS1.txt","638923-NGRAMS1.txt"
"638942-NGRAMS1.txt","638942-NGRAMS1.txt"
"638947-NGRAMS1.txt","638947-NGRAMS1.txt"
"638957-NGRAMS1.txt","638957-NGRAMS1.txt"
"639083-NGRAMS1.txt","639083-NGRAMS1.txt"
"639105-NGRAMS1.txt","639105-NGRAMS1.txt"
"639141-NGRAMS1.txt","639141-NGRAMS1.txt"
"639142-NGRAMS1.txt","639142-NGRAMS1.txt"
"639148-NGRAMS1.txt","639148-NGRAMS1.txt"
"639188-NGRAMS1.txt","639188-NGRAMS1.txt"
"639189-NGRAMS1.txt","639189-NGRAMS1.txt"
"639251-NGRAMS1.txt","639251-NGRAMS1.txt"
"639254-NGRAMS1.txt","639254-NGRAMS1.txt"
"639310-NGRAMS1.txt","639310-NGRAMS1.txt"
"639325-NGRAMS1.txt","639325-NGRAMS1.txt"
"639348-NGRAMS1.txt","639348-NGRAMS1.txt"
"639380-NGRAMS1.txt","639380-NGRAMS1.txt"
"639391-NGRAMS1.txt","639391-NGRAMS1.txt"
"639463-NGRAMS1.txt","639463-NGRAMS1.txt"
"639499-NGRAMS1.txt","639499-NGRAMS1.txt"
"639502-NGRAMS1.txt","639502-NGRAMS1.txt"
"639541-NGRAMS1.txt","639541-NGRAMS1.txt"
"639574-NGRAMS1.txt","639574-NGRAMS1.txt"
"639678-NGRAMS1.txt","639678-NGRAMS1.txt"
"639706-NGRAMS1.txt","639706-NGRAMS1.txt"
"639728-NGRAMS1.txt","639728-NGRAMS1.txt"
"639734-NGRAMS1.txt","639734-NGRAMS1.txt"
"639754-NGRAMS1.txt","639754-NGRAMS1.txt"
"639763-NGRAMS1.txt","639763-NGRAMS1.txt"
"639776-NGRAMS1.txt","639776-NGRAMS1.txt"
"639871-NGRAMS1.txt","639871-NGRAMS1.txt"
"639880-NGRAMS1.txt","639880-NGRAMS1.txt"
"639758-NGRAMS1.txt","639758-NGRAMS1.txt"
"639749-NGRAMS1.txt","639749-NGRAMS1.txt"
"3556447-NGRAMS1.txt","3556447-NGRAMS1.txt"
"638464-NGRAMS1.txt","638464-NGRAMS1.txt"
"638807-NGRAMS1.txt","638807-NGRAMS1.txt"
"638870-NGRAMS1.txt","638870-NGRAMS1.txt"
"638884-NGRAMS1.txt","638884-NGRAMS1.txt"
"638982-NGRAMS1.txt","638982-NGRAMS1.txt"
"639149-NGRAMS1.txt","639149-NGRAMS1.txt"
"639211-NGRAMS1.txt","639211-NGRAMS1.txt"
"639212-NGRAMS1.txt","639212-NGRAMS1.txt"
"639289-NGRAMS1.txt","639289-NGRAMS1.txt"
"639486-NGRAMS1.txt","639486-NGRAMS1.txt"
"639532-NGRAMS1.txt","639532-NGRAMS1.txt"
"639568-NGRAMS1.txt","639568-NGRAMS1.txt"
"639593-NGRAMS1.txt","639593-NGRAMS1.txt"
"639638-NGRAMS1.txt","639638-NGRAMS1.txt"
"1558896-NGRAMS1.txt","1558896-NGRAMS1.txt"
"1558944-NGRAMS1.txt","1558944-NGRAMS1.txt"
"3556211-NGRAMS1.txt","3556211-NGRAMS1.txt"
"3556212-NGRAMS1.txt","3556212-NGRAMS1.txt"
"3556222-NGRAMS1.txt","3556222-NGRAMS1.txt"
"3556329-NGRAMS1.txt","3556329-NGRAMS1.txt"
"3556412-NGRAMS1.txt","3556412-NGRAMS1.txt"
"3556517-NGRAMS1.txt","3556517-NGRAMS1.txt"
"638141-NGRAMS1.txt","638141-NGRAMS1.txt"
"638142-NGRAMS1.txt","638142-NGRAMS1.txt"
"638147-NGRAMS1.txt","638147-NGRAMS1.txt"
"638293-NGRAMS1.txt","638293-NGRAMS1.txt"
"638298-NGRAMS1.txt","638298-NGRAMS1.txt"
"638345-NGRAMS1.txt","638345-NGRAMS1.txt"
"638455-NGRAMS1.txt","638455-NGRAMS1.txt"
"638457-NGRAMS1.txt","638457-NGRAMS1.txt"
"638536-NGRAMS1.txt","638536-NGRAMS1.txt"
"638554-NGRAMS1.txt","638554-NGRAMS1.txt"
"638583-NGRAMS1.txt","638583-NGRAMS1.txt"
"638744-NGRAMS1.txt","638744-NGRAMS1.txt"
"638783-NGRAMS1.txt","638783-NGRAMS1.txt"
"638826-NGRAMS1.txt","638826-NGRAMS1.txt"
"638833-NGRAMS1.txt","638833-NGRAMS1.txt"
"638839-NGRAMS1.txt","638839-NGRAMS1.txt"
"638845-NGRAMS1.txt","638845-NGRAMS1.txt"
"638851-NGRAMS1.txt","638851-NGRAMS1.txt"
"638852-NGRAMS1.txt","638852-NGRAMS1.txt"
"638914-NGRAMS1.txt","638914-NGRAMS1.txt"
"638919-NGRAMS1.txt","638919-NGRAMS1.txt"
"638961-NGRAMS1.txt","638961-NGRAMS1.txt"
"638984-NGRAMS1.txt","638984-NGRAMS1.txt"
"639020-NGRAMS1.txt","639020-NGRAMS1.txt"
"639023-NGRAMS1.txt","639023-NGRAMS1.txt"
"639077-NGRAMS1.txt","639077-NGRAMS1.txt"
"639120-NGRAMS1.txt","639120-NGRAMS1.txt"
"639145-NGRAMS1.txt","639145-NGRAMS1.txt"
"639175-NGRAMS1.txt","639175-NGRAMS1.txt"
"639214-NGRAMS1.txt","639214-NGRAMS1.txt"
"639239-NGRAMS1.txt","639239-NGRAMS1.txt"
"639253-NGRAMS1.txt","639253-NGRAMS1.txt"
"639296-NGRAMS1.txt","639296-NGRAMS1.txt"
"639307-NGRAMS1.txt","639307-NGRAMS1.txt"
"639330-NGRAMS1.txt","639330-NGRAMS1.txt"
"639343-NGRAMS1.txt","639343-NGRAMS1.txt"
"639371-NGRAMS1.txt","639371-NGRAMS1.txt"
"639384-NGRAMS1.txt","639384-NGRAMS1.txt"
"639385-NGRAMS1.txt","639385-NGRAMS1.txt"
"639451-NGRAMS1.txt","639451-NGRAMS1.txt"
"639492-NGRAMS1.txt","639492-NGRAMS1.txt"
"639498-NGRAMS1.txt","639498-NGRAMS1.txt"
"639505-NGRAMS1.txt","639505-NGRAMS1.txt"
"639524-NGRAMS1.txt","639524-NGRAMS1.txt"
"639527-NGRAMS1.txt","639527-NGRAMS1.txt"
"639602-NGRAMS1.txt","639602-NGRAMS1.txt"
"639609-NGRAMS1.txt","639609-NGRAMS1.txt"
"639619-NGRAMS1.txt","639619-NGRAMS1.txt"
"639625-NGRAMS1.txt","639625-NGRAMS1.txt"
"639648-NGRAMS1.txt","639648-NGRAMS1.txt"
"639649-NGRAMS1.txt","639649-NGRAMS1.txt"
"639654-NGRAMS1.txt","639654-NGRAMS1.txt"
"639662-NGRAMS1.txt","639662-NGRAMS1.txt"
"639691-NGRAMS1.txt","639691-NGRAMS1.txt"
"639698-NGRAMS1.txt","639698-NGRAMS1.txt"
"639715-NGRAMS1.txt","639715-NGRAMS1.txt"
"639718-NGRAMS1.txt","639718-NGRAMS1.txt"
"639767-NGRAMS1.txt","639767-NGRAMS1.txt"
"639799-NGRAMS1.txt","639799-NGRAMS1.txt"
"639833-NGRAMS1.txt","639833-NGRAMS1.txt"
"639846-NGRAMS1.txt","639846-NGRAMS1.txt"
"639866-NGRAMS1.txt","639866-NGRAMS1.txt"
"638148-NGRAMS1.txt","638148-NGRAMS1.txt"
"3556346-NGRAMS1.txt","3556346-NGRAMS1.txt"
"3556486-NGRAMS1.txt","3556486-NGRAMS1.txt"
"3556516-NGRAMS1.txt","3556516-NGRAMS1.txt"
"638537-NGRAMS1.txt","638537-NGRAMS1.txt"
"638573-NGRAMS1.txt","638573-NGRAMS1.txt"
"638872-NGRAMS1.txt","638872-NGRAMS1.txt"
"639097-NGRAMS1.txt","639097-NGRAMS1.txt"
"639279-NGRAMS1.txt","639279-NGRAMS1.txt"
"639375-NGRAMS1.txt","639375-NGRAMS1.txt"
"639500-NGRAMS1.txt","639500-NGRAMS1.txt"
"639716-NGRAMS1.txt","639716-NGRAMS1.txt"
"639796-NGRAMS1.txt","639796-NGRAMS1.txt"
"3556347-NGRAMS1.txt","3556347-NGRAMS1.txt"
"3556407-NGRAMS1.txt","3556407-NGRAMS1.txt"
"3556448-NGRAMS1.txt","3556448-NGRAMS1.txt"
"3556481-NGRAMS1.txt","3556481-NGRAMS1.txt"
"3556484-NGRAMS1.txt","3556484-NGRAMS1.txt"
"3556533-NGRAMS1.txt","3556533-NGRAMS1.txt"
"3556545-NGRAMS1.txt","3556545-NGRAMS1.txt"
"638285-NGRAMS1.txt","638285-NGRAMS1.txt"
"638301-NGRAMS1.txt","638301-NGRAMS1.txt"
"638461-NGRAMS1.txt","638461-NGRAMS1.txt"
"638505-NGRAMS1.txt","638505-NGRAMS1.txt"
"638508-NGRAMS1.txt","638508-NGRAMS1.txt"
"638509-NGRAMS1.txt","638509-NGRAMS1.txt"
"638540-NGRAMS1.txt","638540-NGRAMS1.txt"
"638649-NGRAMS1.txt","638649-NGRAMS1.txt"
"638657-NGRAMS1.txt","638657-NGRAMS1.txt"
"638732-NGRAMS1.txt","638732-NGRAMS1.txt"
"638780-NGRAMS1.txt","638780-NGRAMS1.txt"
"638822-NGRAMS1.txt","638822-NGRAMS1.txt"
"638827-NGRAMS1.txt","638827-NGRAMS1.txt"
"638834-NGRAMS1.txt","638834-NGRAMS1.txt"
"638873-NGRAMS1.txt","638873-NGRAMS1.txt"
"638893-NGRAMS1.txt","638893-NGRAMS1.txt"
"638916-NGRAMS1.txt","638916-NGRAMS1.txt"
"638920-NGRAMS1.txt","638920-NGRAMS1.txt"
"638993-NGRAMS1.txt","638993-NGRAMS1.txt"
"639018-NGRAMS1.txt","639018-NGRAMS1.txt"
"639042-NGRAMS1.txt","639042-NGRAMS1.txt"
"639064-NGRAMS1.txt","639064-NGRAMS1.txt"
"639075-NGRAMS1.txt","639075-NGRAMS1.txt"
"639132-NGRAMS1.txt","639132-NGRAMS1.txt"
"639154-NGRAMS1.txt","639154-NGRAMS1.txt"
"639158-NGRAMS1.txt","639158-NGRAMS1.txt"
"639216-NGRAMS1.txt","639216-NGRAMS1.txt"
"639258-NGRAMS1.txt","639258-NGRAMS1.txt"
"639283-NGRAMS1.txt","639283-NGRAMS1.txt"
"639291-NGRAMS1.txt","639291-NGRAMS1.txt"
"639294-NGRAMS1.txt","639294-NGRAMS1.txt"
"639308-NGRAMS1.txt","639308-NGRAMS1.txt"
"639376-NGRAMS1.txt","639376-NGRAMS1.txt"
"639464-NGRAMS1.txt","639464-NGRAMS1.txt"
"639491-NGRAMS1.txt","639491-NGRAMS1.txt"
"639531-NGRAMS1.txt","639531-NGRAMS1.txt"
"639533-NGRAMS1.txt","639533-NGRAMS1.txt"
"639551-NGRAMS1.txt","639551-NGRAMS1.txt"
"639563-NGRAMS1.txt","639563-NGRAMS1.txt"
"639564-NGRAMS1.txt","639564-NGRAMS1.txt"
"639600-NGRAMS1.txt","639600-NGRAMS1.txt"
"639635-NGRAMS1.txt","639635-NGRAMS1.txt"
"639642-NGRAMS1.txt","639642-NGRAMS1.txt"
"639714-NGRAMS1.txt","639714-NGRAMS1.txt"
"639726-NGRAMS1.txt","639726-NGRAMS1.txt"
"639773-NGRAMS1.txt","639773-NGRAMS1.txt"
"639876-NGRAMS1.txt","639876-NGRAMS1.txt"
"638782-NGRAMS1.txt","638782-NGRAMS1.txt"
"638906-NGRAMS1.txt","638906-NGRAMS1.txt"
"1558946-NGRAMS1.txt","1558946-NGRAMS1.txt"
"3556325-NGRAMS1.txt","3556325-NGRAMS1.txt"
"3556348-NGRAMS1.txt","3556348-NGRAMS1.txt"
"3556454-NGRAMS1.txt","3556454-NGRAMS1.txt"
"638304-NGRAMS1.txt","638304-NGRAMS1.txt"
"638830-NGRAMS1.txt","638830-NGRAMS1.txt"
"638871-NGRAMS1.txt","638871-NGRAMS1.txt"
"638964-NGRAMS1.txt","638964-NGRAMS1.txt"
"639039-NGRAMS1.txt","639039-NGRAMS1.txt"
"639282-NGRAMS1.txt","639282-NGRAMS1.txt"
"639320-NGRAMS1.txt","639320-NGRAMS1.txt"
"639725-NGRAMS1.txt","639725-NGRAMS1.txt"
"639792-NGRAMS1.txt","639792-NGRAMS1.txt"
"1558892-NGRAMS1.txt","1558892-NGRAMS1.txt"
"1558908-NGRAMS1.txt","1558908-NGRAMS1.txt"
"1558921-NGRAMS1.txt","1558921-NGRAMS1.txt"
"1558948-NGRAMS1.txt","1558948-NGRAMS1.txt"
"1558955-NGRAMS1.txt","1558955-NGRAMS1.txt"
"3556208-NGRAMS1.txt","3556208-NGRAMS1.txt"
"3556421-NGRAMS1.txt","3556421-NGRAMS1.txt"
"3556424-NGRAMS1.txt","3556424-NGRAMS1.txt"
"3556425-NGRAMS1.txt","3556425-NGRAMS1.txt"
"3556428-NGRAMS1.txt","3556428-NGRAMS1.txt"
"3556444-NGRAMS1.txt","3556444-NGRAMS1.txt"
"3556452-NGRAMS1.txt","3556452-NGRAMS1.txt"
"3556457-NGRAMS1.txt","3556457-NGRAMS1.txt"
"3556463-NGRAMS1.txt","3556463-NGRAMS1.txt"
"3556506-NGRAMS1.txt","3556506-NGRAMS1.txt"
"3556530-NGRAMS1.txt","3556530-NGRAMS1.txt"
"3556538-NGRAMS1.txt","3556538-NGRAMS1.txt"
"3556541-NGRAMS1.txt","3556541-NGRAMS1.txt"
"638145-NGRAMS1.txt","638145-NGRAMS1.txt"
"638162-NGRAMS1.txt","638162-NGRAMS1.txt"
"638470-NGRAMS1.txt","638470-NGRAMS1.txt"
"638502-NGRAMS1.txt","638502-NGRAMS1.txt"
"638517-NGRAMS1.txt","638517-NGRAMS1.txt"
"638640-NGRAMS1.txt","638640-NGRAMS1.txt"
"638658-NGRAMS1.txt","638658-NGRAMS1.txt"
"638769-NGRAMS1.txt","638769-NGRAMS1.txt"
"638797-NGRAMS1.txt","638797-NGRAMS1.txt"
"638844-NGRAMS1.txt","638844-NGRAMS1.txt"
"638853-NGRAMS1.txt","638853-NGRAMS1.txt"
"638885-NGRAMS1.txt","638885-NGRAMS1.txt"
"638901-NGRAMS1.txt","638901-NGRAMS1.txt"
"638904-NGRAMS1.txt","638904-NGRAMS1.txt"
"638905-NGRAMS1.txt","638905-NGRAMS1.txt"
"638925-NGRAMS1.txt","638925-NGRAMS1.txt"
"639017-NGRAMS1.txt","639017-NGRAMS1.txt"
"639068-NGRAMS1.txt","639068-NGRAMS1.txt"
"639070-NGRAMS1.txt","639070-NGRAMS1.txt"
"639072-NGRAMS1.txt","639072-NGRAMS1.txt"
"639124-NGRAMS1.txt","639124-NGRAMS1.txt"
"639127-NGRAMS1.txt","639127-NGRAMS1.txt"
"639190-NGRAMS1.txt","639190-NGRAMS1.txt"
"639220-NGRAMS1.txt","639220-NGRAMS1.txt"
"639223-NGRAMS1.txt","639223-NGRAMS1.txt"
"639225-NGRAMS1.txt","639225-NGRAMS1.txt"
"639240-NGRAMS1.txt","639240-NGRAMS1.txt"
"639241-NGRAMS1.txt","639241-NGRAMS1.txt"
"639248-NGRAMS1.txt","639248-NGRAMS1.txt"
"639267-NGRAMS1.txt","639267-NGRAMS1.txt"
"639273-NGRAMS1.txt","639273-NGRAMS1.txt"
"639299-NGRAMS1.txt","639299-NGRAMS1.txt"
"639327-NGRAMS1.txt","639327-NGRAMS1.txt"
"639374-NGRAMS1.txt","639374-NGRAMS1.txt"
"639389-NGRAMS1.txt","639389-NGRAMS1.txt"
"639468-NGRAMS1.txt","639468-NGRAMS1.txt"
"639480-NGRAMS1.txt","639480-NGRAMS1.txt"
"639487-NGRAMS1.txt","639487-NGRAMS1.txt"
"639511-NGRAMS1.txt","639511-NGRAMS1.txt"
"639552-NGRAMS1.txt","639552-NGRAMS1.txt"
"639562-NGRAMS1.txt","639562-NGRAMS1.txt"
"639580-NGRAMS1.txt","639580-NGRAMS1.txt"
"639601-NGRAMS1.txt","639601-NGRAMS1.txt"
"639621-NGRAMS1.txt","639621-NGRAMS1.txt"
"639645-NGRAMS1.txt","639645-NGRAMS1.txt"
"639652-NGRAMS1.txt","639652-NGRAMS1.txt"
"639748-NGRAMS1.txt","639748-NGRAMS1.txt"
"639752-NGRAMS1.txt","639752-NGRAMS1.txt"
"639757-NGRAMS1.txt","639757-NGRAMS1.txt"
"639805-NGRAMS1.txt","639805-NGRAMS1.txt"
"639842-NGRAMS1.txt","639842-NGRAMS1.txt"
"639851-NGRAMS1.txt","639851-NGRAMS1.txt"
"639865-NGRAMS1.txt","639865-NGRAMS1.txt"
"639893-NGRAMS1.txt","639893-NGRAMS1.txt"
"638503-NGRAMS1.txt","638503-NGRAMS1.txt"
"638819-NGRAMS1.txt","638819-NGRAMS1.txt"
"639525-NGRAMS1.txt","639525-NGRAMS1.txt"
"639535-NGRAMS1.txt","639535-NGRAMS1.txt"
"1558919-NGRAMS1.txt","1558919-NGRAMS1.txt"
"1558942-NGRAMS1.txt","1558942-NGRAMS1.txt"
"3556217-NGRAMS1.txt","3556217-NGRAMS1.txt"
"3556218-NGRAMS1.txt","3556218-NGRAMS1.txt"
"3556230-NGRAMS1.txt","3556230-NGRAMS1.txt"
"3556416-NGRAMS1.txt","3556416-NGRAMS1.txt"
"3556418-NGRAMS1.txt","3556418-NGRAMS1.txt"
"3556420-NGRAMS1.txt","3556420-NGRAMS1.txt"
"3556432-NGRAMS1.txt","3556432-NGRAMS1.txt"
"3556529-NGRAMS1.txt","3556529-NGRAMS1.txt"
"3556532-NGRAMS1.txt","3556532-NGRAMS1.txt"
"3556544-NGRAMS1.txt","3556544-NGRAMS1.txt"
"638158-NGRAMS1.txt","638158-NGRAMS1.txt"
"638165-NGRAMS1.txt","638165-NGRAMS1.txt"
"638353-NGRAMS1.txt","638353-NGRAMS1.txt"
"638462-NGRAMS1.txt","638462-NGRAMS1.txt"
"638463-NGRAMS1.txt","638463-NGRAMS1.txt"
"638590-NGRAMS1.txt","638590-NGRAMS1.txt"
"638648-NGRAMS1.txt","638648-NGRAMS1.txt"
"638650-NGRAMS1.txt","638650-NGRAMS1.txt"
"638652-NGRAMS1.txt","638652-NGRAMS1.txt"
"638733-NGRAMS1.txt","638733-NGRAMS1.txt"
"638838-NGRAMS1.txt","638838-NGRAMS1.txt"
"638840-NGRAMS1.txt","638840-NGRAMS1.txt"
"638883-NGRAMS1.txt","638883-NGRAMS1.txt"
"638902-NGRAMS1.txt","638902-NGRAMS1.txt"
"638936-NGRAMS1.txt","638936-NGRAMS1.txt"
"638997-NGRAMS1.txt","638997-NGRAMS1.txt"
"639035-NGRAMS1.txt","639035-NGRAMS1.txt"
"639111-NGRAMS1.txt","639111-NGRAMS1.txt"
"639176-NGRAMS1.txt","639176-NGRAMS1.txt"
"639235-NGRAMS1.txt","639235-NGRAMS1.txt"
"639256-NGRAMS1.txt","639256-NGRAMS1.txt"
"639309-NGRAMS1.txt","639309-NGRAMS1.txt"
"639316-NGRAMS1.txt","639316-NGRAMS1.txt"
"639331-NGRAMS1.txt","639331-NGRAMS1.txt"
"639349-NGRAMS1.txt","639349-NGRAMS1.txt"
"639354-NGRAMS1.txt","639354-NGRAMS1.txt"
"639449-NGRAMS1.txt","639449-NGRAMS1.txt"
"639474-NGRAMS1.txt","639474-NGRAMS1.txt"
"639582-NGRAMS1.txt","639582-NGRAMS1.txt"
"639603-NGRAMS1.txt","639603-NGRAMS1.txt"
"639604-NGRAMS1.txt","639604-NGRAMS1.txt"
"639623-NGRAMS1.txt","639623-NGRAMS1.txt"
"639624-NGRAMS1.txt","639624-NGRAMS1.txt"
"639673-NGRAMS1.txt","639673-NGRAMS1.txt"
"639768-NGRAMS1.txt","639768-NGRAMS1.txt"
"639781-NGRAMS1.txt","639781-NGRAMS1.txt"
"639789-NGRAMS1.txt","639789-NGRAMS1.txt"
"639809-NGRAMS1.txt","639809-NGRAMS1.txt"
"639820-NGRAMS1.txt","639820-NGRAMS1.txt"
"639864-NGRAMS1.txt","639864-NGRAMS1.txt"
"639759-NGRAMS1.txt","639759-NGRAMS1.txt"
"639206-NGRAMS1.txt","639206-NGRAMS1.txt"
"1558901-NGRAMS1.txt","1558901-NGRAMS1.txt"
"3556209-NGRAMS1.txt","3556209-NGRAMS1.txt"
"3556342-NGRAMS1.txt","3556342-NGRAMS1.txt"
"3556417-NGRAMS1.txt","3556417-NGRAMS1.txt"
"3556433-NGRAMS1.txt","3556433-NGRAMS1.txt"
"3556456-NGRAMS1.txt","3556456-NGRAMS1.txt"
"3556501-NGRAMS1.txt","3556501-NGRAMS1.txt"
"3556502-NGRAMS1.txt","3556502-NGRAMS1.txt"
"638286-NGRAMS1.txt","638286-NGRAMS1.txt"
"638337-NGRAMS1.txt","638337-NGRAMS1.txt"
"638466-NGRAMS1.txt","638466-NGRAMS1.txt"
"638497-NGRAMS1.txt","638497-NGRAMS1.txt"
"638507-NGRAMS1.txt","638507-NGRAMS1.txt"
"638542-NGRAMS1.txt","638542-NGRAMS1.txt"
"638543-NGRAMS1.txt","638543-NGRAMS1.txt"
"638656-NGRAMS1.txt","638656-NGRAMS1.txt"
"638799-NGRAMS1.txt","638799-NGRAMS1.txt"
"638816-NGRAMS1.txt","638816-NGRAMS1.txt"
"638841-NGRAMS1.txt","638841-NGRAMS1.txt"
"638900-NGRAMS1.txt","638900-NGRAMS1.txt"
"638992-NGRAMS1.txt","638992-NGRAMS1.txt"
"639104-NGRAMS1.txt","639104-NGRAMS1.txt"
"639112-NGRAMS1.txt","639112-NGRAMS1.txt"
"639274-NGRAMS1.txt","639274-NGRAMS1.txt"
"639332-NGRAMS1.txt","639332-NGRAMS1.txt"
"639520-NGRAMS1.txt","639520-NGRAMS1.txt"
"639521-NGRAMS1.txt","639521-NGRAMS1.txt"
"639528-NGRAMS1.txt","639528-NGRAMS1.txt"
"639644-NGRAMS1.txt","639644-NGRAMS1.txt"
"639655-NGRAMS1.txt","639655-NGRAMS1.txt"
"639723-NGRAMS1.txt","639723-NGRAMS1.txt"
"639797-NGRAMS1.txt","639797-NGRAMS1.txt"
"639850-NGRAMS1.txt","639850-NGRAMS1.txt"
"639065-NGRAMS1.txt","639065-NGRAMS1.txt"
"3556410-NGRAMS1.txt","3556410-NGRAMS1.txt"
"638922-NGRAMS1.txt","638922-NGRAMS1.txt"
"639461-NGRAMS1.txt","639461-NGRAMS1.txt"
"639472-NGRAMS1.txt","639472-NGRAMS1.txt"
"639751-NGRAMS1.txt","639751-NGRAMS1.txt"
"639770-NGRAMS1.txt","639770-NGRAMS1.txt"
"1558947-NGRAMS1.txt","1558947-NGRAMS1.txt"
"3556219-NGRAMS1.txt","3556219-NGRAMS1.txt"
"3556438-NGRAMS1.txt","3556438-NGRAMS1.txt"
"3556497-NGRAMS1.txt","3556497-NGRAMS1.txt"
"638475-NGRAMS1.txt","638475-NGRAMS1.txt"
"638496-NGRAMS1.txt","638496-NGRAMS1.txt"
"638519-NGRAMS1.txt","638519-NGRAMS1.txt"
"638655-NGRAMS1.txt","638655-NGRAMS1.txt"
"638821-NGRAMS1.txt","638821-NGRAMS1.txt"
"638836-NGRAMS1.txt","638836-NGRAMS1.txt"
"638935-NGRAMS1.txt","638935-NGRAMS1.txt"
"638988-NGRAMS1.txt","638988-NGRAMS1.txt"
"639041-NGRAMS1.txt","639041-NGRAMS1.txt"
"639076-NGRAMS1.txt","639076-NGRAMS1.txt"
"639081-NGRAMS1.txt","639081-NGRAMS1.txt"
"639138-NGRAMS1.txt","639138-NGRAMS1.txt"
"639280-NGRAMS1.txt","639280-NGRAMS1.txt"
"639473-NGRAMS1.txt","639473-NGRAMS1.txt"
"639557-NGRAMS1.txt","639557-NGRAMS1.txt"
"639565-NGRAMS1.txt","639565-NGRAMS1.txt"
"639661-NGRAMS1.txt","639661-NGRAMS1.txt"
"639705-NGRAMS1.txt","639705-NGRAMS1.txt"
"639735-NGRAMS1.txt","639735-NGRAMS1.txt"
"639856-NGRAMS1.txt","639856-NGRAMS1.txt"
"639890-NGRAMS1.txt","639890-NGRAMS1.txt"
"1558953-NGRAMS1.txt","1558953-NGRAMS1.txt"
"638941-NGRAMS1.txt","638941-NGRAMS1.txt"
"639596-NGRAMS1.txt","639596-NGRAMS1.txt"
"639713-NGRAMS1.txt","639713-NGRAMS1.txt"
"1558920-NGRAMS1.txt","1558920-NGRAMS1.txt"
"1558930-NGRAMS1.txt","1558930-NGRAMS1.txt"
"3556332-NGRAMS1.txt","3556332-NGRAMS1.txt"
"3556408-NGRAMS1.txt","3556408-NGRAMS1.txt"
"3556442-NGRAMS1.txt","3556442-NGRAMS1.txt"
"3556467-NGRAMS1.txt","3556467-NGRAMS1.txt"
"3556488-NGRAMS1.txt","3556488-NGRAMS1.txt"
"3556520-NGRAMS1.txt","3556520-NGRAMS1.txt"
"3556524-NGRAMS1.txt","3556524-NGRAMS1.txt"
"3556527-NGRAMS1.txt","3556527-NGRAMS1.txt"
"638333-NGRAMS1.txt","638333-NGRAMS1.txt"
"638348-NGRAMS1.txt","638348-NGRAMS1.txt"
"638467-NGRAMS1.txt","638467-NGRAMS1.txt"
"638565-NGRAMS1.txt","638565-NGRAMS1.txt"
"638735-NGRAMS1.txt","638735-NGRAMS1.txt"
"638763-NGRAMS1.txt","638763-NGRAMS1.txt"
"638800-NGRAMS1.txt","638800-NGRAMS1.txt"
"638869-NGRAMS1.txt","638869-NGRAMS1.txt"
"638890-NGRAMS1.txt","638890-NGRAMS1.txt"
"638934-NGRAMS1.txt","638934-NGRAMS1.txt"
"638939-NGRAMS1.txt","638939-NGRAMS1.txt"
"638946-NGRAMS1.txt","638946-NGRAMS1.txt"
"638965-NGRAMS1.txt","638965-NGRAMS1.txt"
"638973-NGRAMS1.txt","638973-NGRAMS1.txt"
"638998-NGRAMS1.txt","638998-NGRAMS1.txt"
"639038-NGRAMS1.txt","639038-NGRAMS1.txt"
"639057-NGRAMS1.txt","639057-NGRAMS1.txt"
"639080-NGRAMS1.txt","639080-NGRAMS1.txt"
"639094-NGRAMS1.txt","639094-NGRAMS1.txt"
"639150-NGRAMS1.txt","639150-NGRAMS1.txt"
"639163-NGRAMS1.txt","639163-NGRAMS1.txt"
"639213-NGRAMS1.txt","639213-NGRAMS1.txt"
"639313-NGRAMS1.txt","639313-NGRAMS1.txt"
"639319-NGRAMS1.txt","639319-NGRAMS1.txt"
"639341-NGRAMS1.txt","639341-NGRAMS1.txt"
"639460-NGRAMS1.txt","639460-NGRAMS1.txt"
"639478-NGRAMS1.txt","639478-NGRAMS1.txt"
"639558-NGRAMS1.txt","639558-NGRAMS1.txt"
"639598-NGRAMS1.txt","639598-NGRAMS1.txt"
"639615-NGRAMS1.txt","639615-NGRAMS1.txt"
"639616-NGRAMS1.txt","639616-NGRAMS1.txt"
"639650-NGRAMS1.txt","639650-NGRAMS1.txt"
"639721-NGRAMS1.txt","639721-NGRAMS1.txt"
"639729-NGRAMS1.txt","639729-NGRAMS1.txt"
"639802-NGRAMS1.txt","639802-NGRAMS1.txt"
"639884-NGRAMS1.txt","639884-NGRAMS1.txt"
"1558906-NGRAMS1.txt","1558906-NGRAMS1.txt"
"3556411-NGRAMS1.txt","3556411-NGRAMS1.txt"
"638305-NGRAMS1.txt","638305-NGRAMS1.txt"
"638589-NGRAMS1.txt","638589-NGRAMS1.txt"
"638758-NGRAMS1.txt","638758-NGRAMS1.txt"
"638977-NGRAMS1.txt","638977-NGRAMS1.txt"
"639032-NGRAMS1.txt","639032-NGRAMS1.txt"
"639287-NGRAMS1.txt","639287-NGRAMS1.txt"
"639720-NGRAMS1.txt","639720-NGRAMS1.txt"
"639855-NGRAMS1.txt","639855-NGRAMS1.txt"
"1558927-NGRAMS1.txt","1558927-NGRAMS1.txt"
"1558931-NGRAMS1.txt","1558931-NGRAMS1.txt"
"3556471-NGRAMS1.txt","3556471-NGRAMS1.txt"
"638154-NGRAMS1.txt","638154-NGRAMS1.txt"
"638160-NGRAMS1.txt","638160-NGRAMS1.txt"
"638500-NGRAMS1.txt","638500-NGRAMS1.txt"
"638588-NGRAMS1.txt","638588-NGRAMS1.txt"
"638644-NGRAMS1.txt","638644-NGRAMS1.txt"
"638812-NGRAMS1.txt","638812-NGRAMS1.txt"
"638949-NGRAMS1.txt","638949-NGRAMS1.txt"
"638981-NGRAMS1.txt","638981-NGRAMS1.txt"
"638999-NGRAMS1.txt","638999-NGRAMS1.txt"
"639029-NGRAMS1.txt","639029-NGRAMS1.txt"
"639044-NGRAMS1.txt","639044-NGRAMS1.txt"
"639143-NGRAMS1.txt","639143-NGRAMS1.txt"
"639286-NGRAMS1.txt","639286-NGRAMS1.txt"
"639288-NGRAMS1.txt","639288-NGRAMS1.txt"
"639297-NGRAMS1.txt","639297-NGRAMS1.txt"
"639467-NGRAMS1.txt","639467-NGRAMS1.txt"
"639526-NGRAMS1.txt","639526-NGRAMS1.txt"
"639699-NGRAMS1.txt","639699-NGRAMS1.txt"
"639801-NGRAMS1.txt","639801-NGRAMS1.txt"
"639825-NGRAMS1.txt","639825-NGRAMS1.txt"
"639872-NGRAMS1.txt","639872-NGRAMS1.txt"
"3556525-NGRAMS1.txt","3556525-NGRAMS1.txt"
"639102-NGRAMS1.txt","639102-NGRAMS1.txt"
"3556341-NGRAMS1.txt","3556341-NGRAMS1.txt"
"3556362-NGRAMS1.txt","3556362-NGRAMS1.txt"
"3556415-NGRAMS1.txt","3556415-NGRAMS1.txt"
"3556450-NGRAMS1.txt","3556450-NGRAMS1.txt"
"3556499-NGRAMS1.txt","3556499-NGRAMS1.txt"
"638358-NGRAMS1.txt","638358-NGRAMS1.txt"
"638468-NGRAMS1.txt","638468-NGRAMS1.txt"
"638805-NGRAMS1.txt","638805-NGRAMS1.txt"
"638927-NGRAMS1.txt","638927-NGRAMS1.txt"
"638991-NGRAMS1.txt","638991-NGRAMS1.txt"
"639051-NGRAMS1.txt","639051-NGRAMS1.txt"
"639092-NGRAMS1.txt","639092-NGRAMS1.txt"
"639106-NGRAMS1.txt","639106-NGRAMS1.txt"
"639292-NGRAMS1.txt","639292-NGRAMS1.txt"
"639394-NGRAMS1.txt","639394-NGRAMS1.txt"
"639503-NGRAMS1.txt","639503-NGRAMS1.txt"
"639862-NGRAMS1.txt","639862-NGRAMS1.txt"
"639896-NGRAMS1.txt","639896-NGRAMS1.txt"
"3556539-NGRAMS1.txt","3556539-NGRAMS1.txt"
"639523-NGRAMS1.txt","639523-NGRAMS1.txt"
"3556213-NGRAMS1.txt","3556213-NGRAMS1.txt"
"3556343-NGRAMS1.txt","3556343-NGRAMS1.txt"
"3556361-NGRAMS1.txt","3556361-NGRAMS1.txt"
"3556462-NGRAMS1.txt","3556462-NGRAMS1.txt"
"638149-NGRAMS1.txt","638149-NGRAMS1.txt"
"638159-NGRAMS1.txt","638159-NGRAMS1.txt"
"638465-NGRAMS1.txt","638465-NGRAMS1.txt"
"638473-NGRAMS1.txt","638473-NGRAMS1.txt"
"638541-NGRAMS1.txt","638541-NGRAMS1.txt"
"638586-NGRAMS1.txt","638586-NGRAMS1.txt"
"638639-NGRAMS1.txt","638639-NGRAMS1.txt"
"638777-NGRAMS1.txt","638777-NGRAMS1.txt"
"639028-NGRAMS1.txt","639028-NGRAMS1.txt"
"639031-NGRAMS1.txt","639031-NGRAMS1.txt"
"639050-NGRAMS1.txt","639050-NGRAMS1.txt"
"639118-NGRAMS1.txt","639118-NGRAMS1.txt"
"639221-NGRAMS1.txt","639221-NGRAMS1.txt"
"639238-NGRAMS1.txt","639238-NGRAMS1.txt"
"639278-NGRAMS1.txt","639278-NGRAMS1.txt"
"639544-NGRAMS1.txt","639544-NGRAMS1.txt"
"639594-NGRAMS1.txt","639594-NGRAMS1.txt"
"639689-NGRAMS1.txt","639689-NGRAMS1.txt"
"639695-NGRAMS1.txt","639695-NGRAMS1.txt"
"639702-NGRAMS1.txt","639702-NGRAMS1.txt"
"639722-NGRAMS1.txt","639722-NGRAMS1.txt"
"639774-NGRAMS1.txt","639774-NGRAMS1.txt"
"639878-NGRAMS1.txt","639878-NGRAMS1.txt"
"3556453-NGRAMS1.txt","3556453-NGRAMS1.txt"
"638748-NGRAMS1.txt","638748-NGRAMS1.txt"
"639465-NGRAMS1.txt","639465-NGRAMS1.txt"
"639804-NGRAMS1.txt","639804-NGRAMS1.txt"
"1558925-NGRAMS1.txt","1558925-NGRAMS1.txt"
"3556328-NGRAMS1.txt","3556328-NGRAMS1.txt"
"3556426-NGRAMS1.txt","3556426-NGRAMS1.txt"
"3556449-NGRAMS1.txt","3556449-NGRAMS1.txt"
"3556534-NGRAMS1.txt","3556534-NGRAMS1.txt"
"3556537-NGRAMS1.txt","3556537-NGRAMS1.txt"
"638161-NGRAMS1.txt","638161-NGRAMS1.txt"
"638745-NGRAMS1.txt","638745-NGRAMS1.txt"
"638776-NGRAMS1.txt","638776-NGRAMS1.txt"
"638952-NGRAMS1.txt","638952-NGRAMS1.txt"
"639224-NGRAMS1.txt","639224-NGRAMS1.txt"
"639372-NGRAMS1.txt","639372-NGRAMS1.txt"
"639570-NGRAMS1.txt","639570-NGRAMS1.txt"
"639617-NGRAMS1.txt","639617-NGRAMS1.txt"
"639664-NGRAMS1.txt","639664-NGRAMS1.txt"
"639685-NGRAMS1.txt","639685-NGRAMS1.txt"
"639733-NGRAMS1.txt","639733-NGRAMS1.txt"
"639741-NGRAMS1.txt","639741-NGRAMS1.txt"
"1558904-NGRAMS1.txt","1558904-NGRAMS1.txt"
"3556355-NGRAMS1.txt","3556355-NGRAMS1.txt"
"639026-NGRAMS1.txt","639026-NGRAMS1.txt"
"639183-NGRAMS1.txt","639183-NGRAMS1.txt"
"639263-NGRAMS1.txt","639263-NGRAMS1.txt"
"639453-NGRAMS1.txt","639453-NGRAMS1.txt"
"639590-NGRAMS1.txt","639590-NGRAMS1.txt"
"639727-NGRAMS1.txt","639727-NGRAMS1.txt"
"639737-NGRAMS1.txt","639737-NGRAMS1.txt"
"639834-NGRAMS1.txt","639834-NGRAMS1.txt"
"639852-NGRAMS1.txt","639852-NGRAMS1.txt"
"1558899-NGRAMS1.txt","1558899-NGRAMS1.txt"
"1558924-NGRAMS1.txt","1558924-NGRAMS1.txt"
"1558950-NGRAMS1.txt","1558950-NGRAMS1.txt"
"1558958-NGRAMS1.txt","1558958-NGRAMS1.txt"
"1558969-NGRAMS1.txt","1558969-NGRAMS1.txt"
"3556216-NGRAMS1.txt","3556216-NGRAMS1.txt"
"3556220-NGRAMS1.txt","3556220-NGRAMS1.txt"
"3556225-NGRAMS1.txt","3556225-NGRAMS1.txt"
"3556228-NGRAMS1.txt","3556228-NGRAMS1.txt"
"3556229-NGRAMS1.txt","3556229-NGRAMS1.txt"
"3556338-NGRAMS1.txt","3556338-NGRAMS1.txt"
"3556345-NGRAMS1.txt","3556345-NGRAMS1.txt"
"3556352-NGRAMS1.txt","3556352-NGRAMS1.txt"
"3556414-NGRAMS1.txt","3556414-NGRAMS1.txt"
"3556436-NGRAMS1.txt","3556436-NGRAMS1.txt"
"3556439-NGRAMS1.txt","3556439-NGRAMS1.txt"
"3556461-NGRAMS1.txt","3556461-NGRAMS1.txt"
"3556464-NGRAMS1.txt","3556464-NGRAMS1.txt"
"3556469-NGRAMS1.txt","3556469-NGRAMS1.txt"
"3556492-NGRAMS1.txt","3556492-NGRAMS1.txt"
"3556514-NGRAMS1.txt","3556514-NGRAMS1.txt"
"638539-NGRAMS1.txt","638539-NGRAMS1.txt"
"638559-NGRAMS1.txt","638559-NGRAMS1.txt"
"638734-NGRAMS1.txt","638734-NGRAMS1.txt"
"638765-NGRAMS1.txt","638765-NGRAMS1.txt"
"638818-NGRAMS1.txt","638818-NGRAMS1.txt"
"638863-NGRAMS1.txt","638863-NGRAMS1.txt"
"638887-NGRAMS1.txt","638887-NGRAMS1.txt"
"638918-NGRAMS1.txt","638918-NGRAMS1.txt"
"638931-NGRAMS1.txt","638931-NGRAMS1.txt"
"639010-NGRAMS1.txt","639010-NGRAMS1.txt"
"639014-NGRAMS1.txt","639014-NGRAMS1.txt"
"639021-NGRAMS1.txt","639021-NGRAMS1.txt"
"639047-NGRAMS1.txt","639047-NGRAMS1.txt"
"639049-NGRAMS1.txt","639049-NGRAMS1.txt"
"639055-NGRAMS1.txt","639055-NGRAMS1.txt"
"639109-NGRAMS1.txt","639109-NGRAMS1.txt"
"639159-NGRAMS1.txt","639159-NGRAMS1.txt"
"639184-NGRAMS1.txt","639184-NGRAMS1.txt"
"639203-NGRAMS1.txt","639203-NGRAMS1.txt"
"639284-NGRAMS1.txt","639284-NGRAMS1.txt"
"639364-NGRAMS1.txt","639364-NGRAMS1.txt"
"639383-NGRAMS1.txt","639383-NGRAMS1.txt"
"639392-NGRAMS1.txt","639392-NGRAMS1.txt"
"639506-NGRAMS1.txt","639506-NGRAMS1.txt"
"639536-NGRAMS1.txt","639536-NGRAMS1.txt"
"639539-NGRAMS1.txt","639539-NGRAMS1.txt"
"639546-NGRAMS1.txt","639546-NGRAMS1.txt"
"639579-NGRAMS1.txt","639579-NGRAMS1.txt"
"639599-NGRAMS1.txt","639599-NGRAMS1.txt"
"639608-NGRAMS1.txt","639608-NGRAMS1.txt"
"639620-NGRAMS1.txt","639620-NGRAMS1.txt"
"639659-NGRAMS1.txt","639659-NGRAMS1.txt"
"639692-NGRAMS1.txt","639692-NGRAMS1.txt"
"639761-NGRAMS1.txt","639761-NGRAMS1.txt"
"639793-NGRAMS1.txt","639793-NGRAMS1.txt"
"639810-NGRAMS1.txt","639810-NGRAMS1.txt"
"639817-NGRAMS1.txt","639817-NGRAMS1.txt"
"639843-NGRAMS1.txt","639843-NGRAMS1.txt"
"638513-NGRAMS1.txt","638513-NGRAMS1.txt"
"638669-NGRAMS1.txt","638669-NGRAMS1.txt"
"638747-NGRAMS1.txt","638747-NGRAMS1.txt"
"638754-NGRAMS1.txt","638754-NGRAMS1.txt"
"638969-NGRAMS1.txt","638969-NGRAMS1.txt"
"639037-NGRAMS1.txt","639037-NGRAMS1.txt"
"639093-NGRAMS1.txt","639093-NGRAMS1.txt"
"639135-NGRAMS1.txt","639135-NGRAMS1.txt"
"639243-NGRAMS1.txt","639243-NGRAMS1.txt"
"639355-NGRAMS1.txt","639355-NGRAMS1.txt"
"639696-NGRAMS1.txt","639696-NGRAMS1.txt"
"639717-NGRAMS1.txt","639717-NGRAMS1.txt"
"639470-NGRAMS1.txt","639470-NGRAMS1.txt"
"1558922-NGRAMS1.txt","1558922-NGRAMS1.txt"
"1558954-NGRAMS1.txt","1558954-NGRAMS1.txt"
"3556224-NGRAMS1.txt","3556224-NGRAMS1.txt"
"3556226-NGRAMS1.txt","3556226-NGRAMS1.txt"
"3556419-NGRAMS1.txt","3556419-NGRAMS1.txt"
"3556437-NGRAMS1.txt","3556437-NGRAMS1.txt"
"3556466-NGRAMS1.txt","3556466-NGRAMS1.txt"
"638155-NGRAMS1.txt","638155-NGRAMS1.txt"
"638471-NGRAMS1.txt","638471-NGRAMS1.txt"
"638521-NGRAMS1.txt","638521-NGRAMS1.txt"
"638528-NGRAMS1.txt","638528-NGRAMS1.txt"
"638587-NGRAMS1.txt","638587-NGRAMS1.txt"
"638643-NGRAMS1.txt","638643-NGRAMS1.txt"
"638930-NGRAMS1.txt","638930-NGRAMS1.txt"
"639012-NGRAMS1.txt","639012-NGRAMS1.txt"
"639197-NGRAMS1.txt","639197-NGRAMS1.txt"
"639259-NGRAMS1.txt","639259-NGRAMS1.txt"
"639317-NGRAMS1.txt","639317-NGRAMS1.txt"
"639357-NGRAMS1.txt","639357-NGRAMS1.txt"
"639626-NGRAMS1.txt","639626-NGRAMS1.txt"
"639775-NGRAMS1.txt","639775-NGRAMS1.txt"
"639867-NGRAMS1.txt","639867-NGRAMS1.txt"
"639877-NGRAMS1.txt","639877-NGRAMS1.txt"
"639891-NGRAMS1.txt","639891-NGRAMS1.txt"
"639898-NGRAMS1.txt","639898-NGRAMS1.txt"
"639276-NGRAMS1.txt","639276-NGRAMS1.txt"
"1558917-NGRAMS1.txt","1558917-NGRAMS1.txt"
"1558967-NGRAMS1.txt","1558967-NGRAMS1.txt"
"638564-NGRAMS1.txt","638564-NGRAMS1.txt"
"638569-NGRAMS1.txt","638569-NGRAMS1.txt"
"638668-NGRAMS1.txt","638668-NGRAMS1.txt"
"638798-NGRAMS1.txt","638798-NGRAMS1.txt"
"638808-NGRAMS1.txt","638808-NGRAMS1.txt"
"638820-NGRAMS1.txt","638820-NGRAMS1.txt"
"639003-NGRAMS1.txt","639003-NGRAMS1.txt"
"639062-NGRAMS1.txt","639062-NGRAMS1.txt"
"639101-NGRAMS1.txt","639101-NGRAMS1.txt"
"639191-NGRAMS1.txt","639191-NGRAMS1.txt"
"639228-NGRAMS1.txt","639228-NGRAMS1.txt"
"639266-NGRAMS1.txt","639266-NGRAMS1.txt"
"639302-NGRAMS1.txt","639302-NGRAMS1.txt"
"639395-NGRAMS1.txt","639395-NGRAMS1.txt"
"639583-NGRAMS1.txt","639583-NGRAMS1.txt"
"639657-NGRAMS1.txt","639657-NGRAMS1.txt"
"639697-NGRAMS1.txt","639697-NGRAMS1.txt"
"639777-NGRAMS1.txt","639777-NGRAMS1.txt"
"639783-NGRAMS1.txt","639783-NGRAMS1.txt"
"639814-NGRAMS1.txt","639814-NGRAMS1.txt"
"639858-NGRAMS1.txt","639858-NGRAMS1.txt"
"1558949-NGRAMS1.txt","1558949-NGRAMS1.txt"
"3556494-NGRAMS1.txt","3556494-NGRAMS1.txt"
"638529-NGRAMS1.txt","638529-NGRAMS1.txt"
"638547-NGRAMS1.txt","638547-NGRAMS1.txt"
"638903-NGRAMS1.txt","638903-NGRAMS1.txt"
"638971-NGRAMS1.txt","638971-NGRAMS1.txt"
"639108-NGRAMS1.txt","639108-NGRAMS1.txt"
"639162-NGRAMS1.txt","639162-NGRAMS1.txt"
"639177-NGRAMS1.txt","639177-NGRAMS1.txt"
"639226-NGRAMS1.txt","639226-NGRAMS1.txt"
"639257-NGRAMS1.txt","639257-NGRAMS1.txt"
"639515-NGRAMS1.txt","639515-NGRAMS1.txt"
"639684-NGRAMS1.txt","639684-NGRAMS1.txt"
"639765-NGRAMS1.txt","639765-NGRAMS1.txt"
"639844-NGRAMS1.txt","639844-NGRAMS1.txt"
"639854-NGRAMS1.txt","639854-NGRAMS1.txt"
"638340-NGRAMS1.txt","638340-NGRAMS1.txt"
"1558966-NGRAMS1.txt","1558966-NGRAMS1.txt"
"3556232-NGRAMS1.txt","3556232-NGRAMS1.txt"
"638339-NGRAMS1.txt","638339-NGRAMS1.txt"
"638761-NGRAMS1.txt","638761-NGRAMS1.txt"
"638789-NGRAMS1.txt","638789-NGRAMS1.txt"
"638915-NGRAMS1.txt","638915-NGRAMS1.txt"
"638953-NGRAMS1.txt","638953-NGRAMS1.txt"
"638986-NGRAMS1.txt","638986-NGRAMS1.txt"
"639027-NGRAMS1.txt","639027-NGRAMS1.txt"
"639046-NGRAMS1.txt","639046-NGRAMS1.txt"
"639187-NGRAMS1.txt","639187-NGRAMS1.txt"
"639207-NGRAMS1.txt","639207-NGRAMS1.txt"
"639265-NGRAMS1.txt","639265-NGRAMS1.txt"
"639290-NGRAMS1.txt","639290-NGRAMS1.txt"
"3556472-NGRAMS1.txt","3556472-NGRAMS1.txt"
"3556508-NGRAMS1.txt","3556508-NGRAMS1.txt"
"638967-NGRAMS1.txt","638967-NGRAMS1.txt"
"639350-NGRAMS1.txt","639350-NGRAMS1.txt"
"3556485-NGRAMS1.txt","3556485-NGRAMS1.txt"
"639218-NGRAMS1.txt","639218-NGRAMS1.txt"
"638538-NGRAMS1.txt","638538-NGRAMS1.txt"
"638666-NGRAMS1.txt","638666-NGRAMS1.txt"
"638849-NGRAMS1.txt","638849-NGRAMS1.txt"
"638850-NGRAMS1.txt","638850-NGRAMS1.txt"
"639040-NGRAMS1.txt","639040-NGRAMS1.txt"
"639242-NGRAMS1.txt","639242-NGRAMS1.txt"
"639475-NGRAMS1.txt","639475-NGRAMS1.txt"
"638756-NGRAMS1.txt","638756-NGRAMS1.txt"
"1558959-NGRAMS1.txt","1558959-NGRAMS1.txt"
"638932-NGRAMS1.txt","638932-NGRAMS1.txt"
"639170-NGRAMS1.txt","639170-NGRAMS1.txt"
"639336-NGRAMS1.txt","639336-NGRAMS1.txt"
"639676-NGRAMS1.txt","639676-NGRAMS1.txt"
"639829-NGRAMS1.txt","639829-NGRAMS1.txt"
"639358-NGRAMS1.txt","639358-NGRAMS1.txt"
"639507-NGRAMS1.txt","639507-NGRAMS1.txt"
"639647-NGRAMS1.txt","639647-NGRAMS1.txt"
"3556413-NGRAMS1.txt","3556413-NGRAMS1.txt"
"638312-NGRAMS1.txt","638312-NGRAMS1.txt"
"638548-NGRAMS1.txt","638548-NGRAMS1.txt"
"638568-NGRAMS1.txt","638568-NGRAMS1.txt"
"639245-NGRAMS1.txt","639245-NGRAMS1.txt"
"639298-NGRAMS1.txt","639298-NGRAMS1.txt"
"1558914-NGRAMS1.txt","1558914-NGRAMS1.txt"
"1558940-NGRAMS1.txt","1558940-NGRAMS1.txt"
"3556350-NGRAMS1.txt","3556350-NGRAMS1.txt"
"3556422-NGRAMS1.txt","3556422-NGRAMS1.txt"
"638579-NGRAMS1.txt","638579-NGRAMS1.txt"
"638645-NGRAMS1.txt","638645-NGRAMS1.txt"
"638659-NGRAMS1.txt","638659-NGRAMS1.txt"
"638664-NGRAMS1.txt","638664-NGRAMS1.txt"
"638751-NGRAMS1.txt","638751-NGRAMS1.txt"
"638814-NGRAMS1.txt","638814-NGRAMS1.txt"
"639013-NGRAMS1.txt","639013-NGRAMS1.txt"
"639477-NGRAMS1.txt","639477-NGRAMS1.txt"
"639553-NGRAMS1.txt","639553-NGRAMS1.txt"
"639542-NGRAMS1.txt","639542-NGRAMS1.txt"
"3556498-NGRAMS1.txt","3556498-NGRAMS1.txt"
"638151-NGRAMS1.txt","638151-NGRAMS1.txt"
"638354-NGRAMS1.txt","638354-NGRAMS1.txt"
"638592-NGRAMS1.txt","638592-NGRAMS1.txt"
"638983-NGRAMS1.txt","638983-NGRAMS1.txt"
"639119-NGRAMS1.txt","639119-NGRAMS1.txt"
"639204-NGRAMS1.txt","639204-NGRAMS1.txt"
"639231-NGRAMS1.txt","639231-NGRAMS1.txt"
"639401-NGRAMS1.txt","639401-NGRAMS1.txt"
"639618-NGRAMS1.txt","639618-NGRAMS1.txt"
"3556507-NGRAMS1.txt","3556507-NGRAMS1.txt"
"638362-NGRAMS1.txt","638362-NGRAMS1.txt"
"639397-NGRAMS1.txt","639397-NGRAMS1.txt"
"639587-NGRAMS1.txt","639587-NGRAMS1.txt"
"638660-NGRAMS1.txt","638660-NGRAMS1.txt"
"638958-NGRAMS1.txt","638958-NGRAMS1.txt"
"1558923-NGRAMS1.txt","1558923-NGRAMS1.txt"
"27564145-NGRAMS1.txt","27564145-NGRAMS1.txt"
"638361-NGRAMS1.txt","638361-NGRAMS1.txt"
"638458-NGRAMS1.txt","638458-NGRAMS1.txt"
"638498-NGRAMS1.txt","638498-NGRAMS1.txt"
"638522-NGRAMS1.txt","638522-NGRAMS1.txt"
"639079-NGRAMS1.txt","639079-NGRAMS1.txt"
"639359-NGRAMS1.txt","639359-NGRAMS1.txt"
"639365-NGRAMS1.txt","639365-NGRAMS1.txt"
"639798-NGRAMS1.txt","639798-NGRAMS1.txt"
"639813-NGRAMS1.txt","639813-NGRAMS1.txt"
"638881-NGRAMS1.txt","638881-NGRAMS1.txt"
"639227-NGRAMS1.txt","639227-NGRAMS1.txt"
"639321-NGRAMS1.txt","639321-NGRAMS1.txt"
"639345-NGRAMS1.txt","639345-NGRAMS1.txt"
"639404-NGRAMS1.txt","639404-NGRAMS1.txt"
"639548-NGRAMS1.txt","639548-NGRAMS1.txt"
"639806-NGRAMS1.txt","639806-NGRAMS1.txt"
"3556427-NGRAMS1.txt","3556427-NGRAMS1.txt"
"638351-NGRAMS1.txt","638351-NGRAMS1.txt"
"639514-NGRAMS1.txt","639514-NGRAMS1.txt"
"639516-NGRAMS1.txt","639516-NGRAMS1.txt"
"639537-NGRAMS1.txt","639537-NGRAMS1.txt"
"639567-NGRAMS1.txt","639567-NGRAMS1.txt"
"639688-NGRAMS1.txt","639688-NGRAMS1.txt"
"638859-NGRAMS1.txt","638859-NGRAMS1.txt"
"639085-NGRAMS1.txt","639085-NGRAMS1.txt"
"639646-NGRAMS1.txt","639646-NGRAMS1.txt"
"1558965-NGRAMS1.txt","1558965-NGRAMS1.txt"
"3556431-NGRAMS1.txt","3556431-NGRAMS1.txt"
"638310-NGRAMS1.txt","638310-NGRAMS1.txt"
"638571-NGRAMS1.txt","638571-NGRAMS1.txt"
"638810-NGRAMS1.txt","638810-NGRAMS1.txt"
"638832-NGRAMS1.txt","638832-NGRAMS1.txt"
"638913-NGRAMS1.txt","638913-NGRAMS1.txt"
"638963-NGRAMS1.txt","638963-NGRAMS1.txt"
"639123-NGRAMS1.txt","639123-NGRAMS1.txt"
"639261-NGRAMS1.txt","639261-NGRAMS1.txt"
"639784-NGRAMS1.txt","639784-NGRAMS1.txt"
"639731-NGRAMS1.txt","639731-NGRAMS1.txt"
"638146-NGRAMS1.txt","638146-NGRAMS1.txt"
"638862-NGRAMS1.txt","638862-NGRAMS1.txt"
"639134-NGRAMS1.txt","639134-NGRAMS1.txt"
"639322-NGRAMS1.txt","639322-NGRAMS1.txt"
"638549-NGRAMS1.txt","638549-NGRAMS1.txt"
"639481-NGRAMS1.txt","639481-NGRAMS1.txt"
"639885-NGRAMS1.txt","639885-NGRAMS1.txt"
"638460-NGRAMS1.txt","638460-NGRAMS1.txt"
"639360-NGRAMS1.txt","639360-NGRAMS1.txt"
"639656-NGRAMS1.txt","639656-NGRAMS1.txt"
"638889-NGRAMS1.txt","638889-NGRAMS1.txt"
"639122-NGRAMS1.txt","639122-NGRAMS1.txt"
"639534-NGRAMS1.txt","639534-NGRAMS1.txt"
"638843-NGRAMS1.txt","638843-NGRAMS1.txt"
"3556470-NGRAMS1.txt","3556470-NGRAMS1.txt"
"638495-NGRAMS1.txt","638495-NGRAMS1.txt"
"639082-NGRAMS1.txt","639082-NGRAMS1.txt"
"639167-NGRAMS1.txt","639167-NGRAMS1.txt"
"639208-NGRAMS1.txt","639208-NGRAMS1.txt"
"639744-NGRAMS1.txt","639744-NGRAMS1.txt"
"3556233-NGRAMS1.txt","3556233-NGRAMS1.txt"
"3556339-NGRAMS1.txt","3556339-NGRAMS1.txt"
"638501-NGRAMS1.txt","638501-NGRAMS1.txt"
"638737-NGRAMS1.txt","638737-NGRAMS1.txt"
"639052-NGRAMS1.txt","639052-NGRAMS1.txt"
"639131-NGRAMS1.txt","639131-NGRAMS1.txt"
"1558968-NGRAMS1.txt","1558968-NGRAMS1.txt"
"638556-NGRAMS1.txt","638556-NGRAMS1.txt"
"638928-NGRAMS1.txt","638928-NGRAMS1.txt"
"639006-NGRAMS1.txt","639006-NGRAMS1.txt"
"639229-NGRAMS1.txt","639229-NGRAMS1.txt"
"639232-NGRAMS1.txt","639232-NGRAMS1.txt"
"639260-NGRAMS1.txt","639260-NGRAMS1.txt"
"639479-NGRAMS1.txt","639479-NGRAMS1.txt"
"639703-NGRAMS1.txt","639703-NGRAMS1.txt"
"639847-NGRAMS1.txt","639847-NGRAMS1.txt"
"638510-NGRAMS1.txt","638510-NGRAMS1.txt"
"638764-NGRAMS1.txt","638764-NGRAMS1.txt"
"639125-NGRAMS1.txt","639125-NGRAMS1.txt"
"639362-NGRAMS1.txt","639362-NGRAMS1.txt"
"639545-NGRAMS1.txt","639545-NGRAMS1.txt"
"639577-NGRAMS1.txt","639577-NGRAMS1.txt"
"639780-NGRAMS1.txt","639780-NGRAMS1.txt"
"639808-NGRAMS1.txt","639808-NGRAMS1.txt"
"639140-NGRAMS1.txt","639140-NGRAMS1.txt"
"639378-NGRAMS1.txt","639378-NGRAMS1.txt"
"639622-NGRAMS1.txt","639622-NGRAMS1.txt"
"639494-NGRAMS1.txt","639494-NGRAMS1.txt"
"1558926-NGRAMS1.txt","1558926-NGRAMS1.txt"
"3556500-NGRAMS1.txt","3556500-NGRAMS1.txt"
"638309-NGRAMS1.txt","638309-NGRAMS1.txt"
"639002-NGRAMS1.txt","639002-NGRAMS1.txt"
"639130-NGRAMS1.txt","639130-NGRAMS1.txt"
"3556465-NGRAMS1.txt","3556465-NGRAMS1.txt"
"638343-NGRAMS1.txt","638343-NGRAMS1.txt"
"638520-NGRAMS1.txt","638520-NGRAMS1.txt"
"639196-NGRAMS1.txt","639196-NGRAMS1.txt"
"639334-NGRAMS1.txt","639334-NGRAMS1.txt"
"639398-NGRAMS1.txt","639398-NGRAMS1.txt"
"639680-NGRAMS1.txt","639680-NGRAMS1.txt"
"639848-NGRAMS1.txt","639848-NGRAMS1.txt"
"639849-NGRAMS1.txt","639849-NGRAMS1.txt"
"3556356-NGRAMS1.txt","3556356-NGRAMS1.txt"
"3556423-NGRAMS1.txt","3556423-NGRAMS1.txt"
"638356-NGRAMS1.txt","638356-NGRAMS1.txt"
"638968-NGRAMS1.txt","638968-NGRAMS1.txt"
"639275-NGRAMS1.txt","639275-NGRAMS1.txt"
"639549-NGRAMS1.txt","639549-NGRAMS1.txt"
"639869-NGRAMS1.txt","639869-NGRAMS1.txt"
"638979-NGRAMS1.txt","638979-NGRAMS1.txt"
"639045-NGRAMS1.txt","639045-NGRAMS1.txt"
"639658-NGRAMS1.txt","639658-NGRAMS1.txt"
"638672-NGRAMS1.txt","638672-NGRAMS1.txt"
"639048-NGRAMS1.txt","639048-NGRAMS1.txt"
"639892-NGRAMS1.txt","639892-NGRAMS1.txt"
"639589-NGRAMS1.txt","639589-NGRAMS1.txt"
"1558960-NGRAMS1.txt","1558960-NGRAMS1.txt"
"638585-NGRAMS1.txt","638585-NGRAMS1.txt"
"638771-NGRAMS1.txt","638771-NGRAMS1.txt"
"1558916-NGRAMS1.txt","1558916-NGRAMS1.txt"
"41301567-NGRAMS1.txt","41301567-NGRAMS1.txt"
"638523-NGRAMS1.txt","638523-NGRAMS1.txt"
"638591-NGRAMS1.txt","638591-NGRAMS1.txt"
"638755-NGRAMS1.txt","638755-NGRAMS1.txt"
"638960-NGRAMS1.txt","638960-NGRAMS1.txt"
"639185-NGRAMS1.txt","639185-NGRAMS1.txt"
"639333-NGRAMS1.txt","639333-NGRAMS1.txt"
"639335-NGRAMS1.txt","639335-NGRAMS1.txt"
"639586-NGRAMS1.txt","639586-NGRAMS1.txt"
"639837-NGRAMS1.txt","639837-NGRAMS1.txt"
"638784-NGRAMS1.txt","638784-NGRAMS1.txt"
"638762-NGRAMS1.txt","638762-NGRAMS1.txt"
"639740-NGRAMS1.txt","639740-NGRAMS1.txt"
"3556473-NGRAMS1.txt","3556473-NGRAMS1.txt"
"639269-NGRAMS1.txt","639269-NGRAMS1.txt"
"3556353-NGRAMS1.txt","3556353-NGRAMS1.txt"
"639667-NGRAMS1.txt","639667-NGRAMS1.txt"
"638926-NGRAMS1.txt","638926-NGRAMS1.txt"
"3556474-NGRAMS1.txt","3556474-NGRAMS1.txt"
"639117-NGRAMS1.txt","639117-NGRAMS1.txt"
"639382-NGRAMS1.txt","639382-NGRAMS1.txt"
"638892-NGRAMS1.txt","638892-NGRAMS1.txt"
"3556435-NGRAMS1.txt","3556435-NGRAMS1.txt"
"638499-NGRAMS1.txt","638499-NGRAMS1.txt"
"638524-NGRAMS1.txt","638524-NGRAMS1.txt"
"639074-NGRAMS1.txt","639074-NGRAMS1.txt"
"639363-NGRAMS1.txt","639363-NGRAMS1.txt"
"639660-NGRAMS1.txt","639660-NGRAMS1.txt"
"639504-NGRAMS1.txt","639504-NGRAMS1.txt"
"639043-NGRAMS1.txt","639043-NGRAMS1.txt"
"639538-NGRAMS1.txt","639538-NGRAMS1.txt"
"638506-NGRAMS1.txt","638506-NGRAMS1.txt"
"639233-NGRAMS1.txt","639233-NGRAMS1.txt"
"639001-NGRAMS1.txt","639001-NGRAMS1.txt"
"638555-NGRAMS1.txt","638555-NGRAMS1.txt"
"639732-NGRAMS1.txt","639732-NGRAMS1.txt"
"639512-NGRAMS1.txt","639512-NGRAMS1.txt"
"639053-NGRAMS1.txt","639053-NGRAMS1.txt"
"639113-NGRAMS1.txt","639113-NGRAMS1.txt"
"638752-NGRAMS1.txt","638752-NGRAMS1.txt"
"639400-NGRAMS1.txt","639400-NGRAMS1.txt"
"639730-NGRAMS1.txt","639730-NGRAMS1.txt"
"3556359-NGRAMS1.txt","3556359-NGRAMS1.txt"
"638143-NGRAMS1.txt","638143-NGRAMS1.txt"
"639701-NGRAMS1.txt","639701-NGRAMS1.txt"
"639704-NGRAMS1.txt","639704-NGRAMS1.txt"
"3556349-NGRAMS1.txt","3556349-NGRAMS1.txt"
"638593-NGRAMS1.txt","638593-NGRAMS1.txt"
"639771-NGRAMS1.txt","639771-NGRAMS1.txt"
"638848-NGRAMS1.txt","638848-NGRAMS1.txt"
"639772-NGRAMS1.txt","639772-NGRAMS1.txt"
"638970-NGRAMS1.txt","638970-NGRAMS1.txt"
"638996-NGRAMS1.txt","638996-NGRAMS1.txt"
"639004-NGRAMS1.txt","639004-NGRAMS1.txt"
"639585-NGRAMS1.txt","639585-NGRAMS1.txt"
"1558963-NGRAMS1.txt","1558963-NGRAMS1.txt"
"639126-NGRAMS1.txt","639126-NGRAMS1.txt"
"1558962-NGRAMS1.txt","1558962-NGRAMS1.txt"
"3556358-NGRAMS1.txt","3556358-NGRAMS1.txt"
"638921-NGRAMS1.txt","638921-NGRAMS1.txt"
"639192-NGRAMS1.txt","639192-NGRAMS1.txt"
"639663-NGRAMS1.txt","639663-NGRAMS1.txt"
"638854-NGRAMS1.txt","638854-NGRAMS1.txt"
"638766-NGRAMS1.txt","638766-NGRAMS1.txt"
"639129-NGRAMS1.txt","639129-NGRAMS1.txt"
"639886-NGRAMS1.txt","639886-NGRAMS1.txt"
"639630-NGRAMS1.txt","639630-NGRAMS1.txt"
"638572-NGRAMS1.txt","638572-NGRAMS1.txt"
"639895-NGRAMS1.txt","639895-NGRAMS1.txt"
"638760-NGRAMS1.txt","638760-NGRAMS1.txt"
"639402-NGRAMS1.txt","639402-NGRAMS1.txt"
"638357-NGRAMS1.txt","638357-NGRAMS1.txt"
"638767-NGRAMS1.txt","638767-NGRAMS1.txt"
"638794-NGRAMS1.txt","638794-NGRAMS1.txt"
"638933-NGRAMS1.txt","638933-NGRAMS1.txt"
"639234-NGRAMS1.txt","639234-NGRAMS1.txt"
"639303-NGRAMS1.txt","639303-NGRAMS1.txt"
"639588-NGRAMS1.txt","639588-NGRAMS1.txt"
"639666-NGRAMS1.txt","639666-NGRAMS1.txt"
"639779-NGRAMS1.txt","639779-NGRAMS1.txt"
"639785-NGRAMS1.txt","639785-NGRAMS1.txt"
"3556475-NGRAMS1.txt","3556475-NGRAMS1.txt"
"639169-NGRAMS1.txt","639169-NGRAMS1.txt"
"639329-NGRAMS1.txt","639329-NGRAMS1.txt"
"639815-NGRAMS1.txt","639815-NGRAMS1.txt"
"638667-NGRAMS1.txt","638667-NGRAMS1.txt"
"639171-NGRAMS1.txt","639171-NGRAMS1.txt"
"638864-NGRAMS1.txt","638864-NGRAMS1.txt"
"639889-NGRAMS1.txt","639889-NGRAMS1.txt"
"638888-NGRAMS1.txt","638888-NGRAMS1.txt"
"639128-NGRAMS1.txt","639128-NGRAMS1.txt"
"639304-NGRAMS1.txt","639304-NGRAMS1.txt"
"639778-NGRAMS1.txt","639778-NGRAMS1.txt"
"1558956-NGRAMS1.txt","1558956-NGRAMS1.txt"
"639193-NGRAMS1.txt","639193-NGRAMS1.txt"
"638966-NGRAMS1.txt","638966-NGRAMS1.txt"
"639845-NGRAMS1.txt","639845-NGRAMS1.txt"
"638894-NGRAMS1.txt","638894-NGRAMS1.txt"
"639165-NGRAMS1.txt","639165-NGRAMS1.txt"
"639262-NGRAMS1.txt","639262-NGRAMS1.txt"
"639008-NGRAMS1.txt","639008-NGRAMS1.txt"
"639900-NGRAMS1.txt","639900-NGRAMS1.txt"
"1558961-NGRAMS1.txt","1558961-NGRAMS1.txt"
"639084-NGRAMS1.txt","639084-NGRAMS1.txt"
"639007-NGRAMS1.txt","639007-NGRAMS1.txt"
"639819-NGRAMS1.txt","639819-NGRAMS1.txt"
"638792-NGRAMS1.txt","638792-NGRAMS1.txt"
"3556429-NGRAMS1.txt","3556429-NGRAMS1.txt"
"638307-NGRAMS1.txt","638307-NGRAMS1.txt"
"639300-NGRAMS1.txt","639300-NGRAMS1.txt"
"3556231-NGRAMS1.txt","3556231-NGRAMS1.txt"
"638360-NGRAMS1.txt","638360-NGRAMS1.txt"
"1558964-NGRAMS1.txt","1558964-NGRAMS1.txt"
"639393-NGRAMS1.txt","639393-NGRAMS1.txt"
"638474-NGRAMS1.txt","638474-NGRAMS1.txt"
"638768-NGRAMS1.txt","638768-NGRAMS1.txt"
"639054-NGRAMS1.txt","639054-NGRAMS1.txt"
"639133-NGRAMS1.txt","639133-NGRAMS1.txt"
"1558957-NGRAMS1.txt","1558957-NGRAMS1.txt"
"639116-NGRAMS1.txt","639116-NGRAMS1.txt"
"3556543-NGRAMS1.txt","3556543-NGRAMS1.txt"
"4493378-NGRAMS1.txt","4493378-NGRAMS1.txt"
"639086-NGRAMS1.txt","639086-NGRAMS1.txt"
"639627-NGRAMS1.txt","639627-NGRAMS1.txt"
"639399-NGRAMS1.txt","639399-NGRAMS1.txt"
"639509-NGRAMS1.txt","639509-NGRAMS1.txt"
"638166-NGRAMS1.txt","638166-NGRAMS1.txt"
"639743-NGRAMS1.txt","639743-NGRAMS1.txt"
"3556542-NGRAMS1.txt","3556542-NGRAMS1.txt"
"3556536-NGRAMS1.txt","3556536-NGRAMS1.txt"
"639268-NGRAMS1.txt","639268-NGRAMS1.txt"
"638355-NGRAMS1.txt","638355-NGRAMS1.txt"
"3556360-NGRAMS1.txt","3556360-NGRAMS1.txt"
"639264-NGRAMS1.txt","639264-NGRAMS1.txt"
"638557-NGRAMS1.txt","638557-NGRAMS1.txt"
"639894-NGRAMS1.txt","639894-NGRAMS1.txt"
"639005-NGRAMS1.txt","639005-NGRAMS1.txt"
"638545-NGRAMS1.txt","638545-NGRAMS1.txt"
"639614-NGRAMS1.txt","639614-NGRAMS1.txt"
"639693-NGRAMS1.txt","639693-NGRAMS1.txt"
"638673-NGRAMS1.txt","638673-NGRAMS1.txt"
"639897-NGRAMS1.txt","639897-NGRAMS1.txt"
"638891-NGRAMS1.txt","638891-NGRAMS1.txt"
"639328-NGRAMS1.txt","639328-NGRAMS1.txt"
"639513-NGRAMS1.txt","639513-NGRAMS1.txt"
"639816-NGRAMS1.txt","639816-NGRAMS1.txt"
"638858-NGRAMS1.txt","638858-NGRAMS1.txt"
"638962-NGRAMS1.txt","638962-NGRAMS1.txt"
"639887-NGRAMS1.txt","639887-NGRAMS1.txt"
"639161-NGRAMS1.txt","639161-NGRAMS1.txt"
"639121-NGRAMS1.txt","639121-NGRAMS1.txt"
"638359-NGRAMS1.txt","638359-NGRAMS1.txt"
"639056-NGRAMS1.txt","639056-NGRAMS1.txt"
"639629-NGRAMS1.txt","639629-NGRAMS1.txt"
"639366-NGRAMS1.txt","639366-NGRAMS1.txt"
"639011-NGRAMS1.txt","639011-NGRAMS1.txt"
"639194-NGRAMS1.txt","639194-NGRAMS1.txt"
"638670-NGRAMS1.txt","638670-NGRAMS1.txt"
"639708-NGRAMS1.txt","639708-NGRAMS1.txt"
"1558952-NGRAMS1.txt","1558952-NGRAMS1.txt"
"638770-NGRAMS1.txt","638770-NGRAMS1.txt"
"639707-NGRAMS1.txt","639707-NGRAMS1.txt"
"4493377-NGRAMS1.txt","4493377-NGRAMS1.txt"
"639230-NGRAMS1.txt","639230-NGRAMS1.txt"
"639301-NGRAMS1.txt","639301-NGRAMS1.txt"
"638558-NGRAMS1.txt","638558-NGRAMS1.txt"
"3556354-NGRAMS1.txt","3556354-NGRAMS1.txt"
"638311-NGRAMS1.txt","638311-NGRAMS1.txt"
"638164-NGRAMS1.txt","638164-NGRAMS1.txt"
"638972-NGRAMS1.txt","638972-NGRAMS1.txt"
"639115-NGRAMS1.txt","639115-NGRAMS1.txt"
"638595-NGRAMS1.txt","638595-NGRAMS1.txt"
